raceday,locality,raceName,deelnemer,driver,constructor,driverpunten,turbopunten,inhaalpunten,totaalpunten,positie,afwijking_positie,afwijking_positie_real,turbodriver,inhaalkoning
1,Sakhir,Bahrain Grand Prix,Robbert,Ocon,Alpine,5,0,0,5,7,5,5,FALSE,FALSE
1,Sakhir,Bahrain Grand Prix,Robbert,Magnussen,Haas,5,0,0,5,5,5,5,FALSE,FALSE
1,Sakhir,Bahrain Grand Prix,Robbert,Alonso,Alpine,5,0,0,5,9,5,5,FALSE,FALSE
1,Sakhir,Bahrain Grand Prix,Robbert,Perez,Red Bull,0,0,0,0,18,13,-13,TRUE,FALSE
1,Sakhir,Bahrain Grand Prix,Robbert,Verstappen,Red Bull,0,0,0,0,19,NA,NA,FALSE,TRUE
1,Sakhir,Bahrain Grand Prix,Dylan,Ocon,Alpine,7,0,0,7,7,3,3,FALSE,FALSE
1,Sakhir,Bahrain Grand Prix,Dylan,Magnussen,Haas,0,0,0,0,5,12,12,FALSE,FALSE
1,Sakhir,Bahrain Grand Prix,Dylan,Alonso,Alpine,7,0,0,7,9,3,3,FALSE,FALSE
1,Sakhir,Bahrain Grand Prix,Dylan,Perez,Red Bull,0,0,0,0,18,14,-14,TRUE,FALSE
1,Sakhir,Bahrain Grand Prix,Dylan,Sainz,Ferrari,0,0,1,1,2,NA,NA,FALSE,TRUE
1,Sakhir,Bahrain Grand Prix,Bram,Ocon,Alpine,6,6,0,12,7,4,4,TRUE,FALSE
1,Sakhir,Bahrain Grand Prix,Bram,Magnussen,Haas,5,0,0,5,5,5,5,FALSE,FALSE
1,Sakhir,Bahrain Grand Prix,Bram,Alonso,Alpine,10,0,0,10,9,0,0,FALSE,FALSE
1,Sakhir,Bahrain Grand Prix,Bram,Perez,Red Bull,0,0,0,0,18,12,-12,FALSE,FALSE
1,Sakhir,Bahrain Grand Prix,Bram,Zhou,Alfa Romeo,0,0,7,7,10,NA,NA,FALSE,TRUE
1,Sakhir,Bahrain Grand Prix,Ester,Ocon,Alpine,7,0,0,7,7,3,3,FALSE,FALSE
1,Sakhir,Bahrain Grand Prix,Ester,Magnussen,Haas,0,0,0,0,5,11,11,FALSE,FALSE
1,Sakhir,Bahrain Grand Prix,Ester,Alonso,Alpine,9,0,0,9,9,1,-1,FALSE,FALSE
1,Sakhir,Bahrain Grand Prix,Ester,Perez,Red Bull,0,0,0,0,18,12,-12,TRUE,FALSE
1,Sakhir,Bahrain Grand Prix,Ester,Hulkenberg,Aston Martin,0,0,0,0,17,NA,NA,FALSE,TRUE
1,Sakhir,Bahrain Grand Prix,Eva,Ocon,Alpine,5,0,0,5,7,5,5,FALSE,FALSE
1,Sakhir,Bahrain Grand Prix,Eva,Magnussen,Haas,0,0,0,0,5,13,13,FALSE,FALSE
1,Sakhir,Bahrain Grand Prix,Eva,Alonso,Alpine,8,0,0,8,9,2,-2,FALSE,FALSE
1,Sakhir,Bahrain Grand Prix,Eva,Perez,Red Bull,0,0,0,0,18,13,-13,TRUE,FALSE
1,Sakhir,Bahrain Grand Prix,Eva,Ricciardo,McLaren,0,0,5,5,14,NA,NA,FALSE,TRUE
1,Sakhir,Bahrain Grand Prix,Mattijs,Ocon,Alpine,10,0,0,10,7,0,0,FALSE,FALSE
1,Sakhir,Bahrain Grand Prix,Mattijs,Magnussen,Haas,0,0,0,0,5,13,13,FALSE,FALSE
1,Sakhir,Bahrain Grand Prix,Mattijs,Alonso,Alpine,7,0,0,7,9,3,-3,FALSE,FALSE
1,Sakhir,Bahrain Grand Prix,Mattijs,Perez,Red Bull,0,0,0,0,18,14,-14,TRUE,FALSE
1,Sakhir,Bahrain Grand Prix,Mattijs,Ricciardo,McLaren,0,0,5,5,14,NA,NA,FALSE,TRUE
1,Sakhir,Bahrain Grand Prix,Ines,Ocon,Alpine,5,0,0,5,7,5,5,FALSE,FALSE
1,Sakhir,Bahrain Grand Prix,Ines,Magnussen,Haas,0,0,0,0,5,14,14,FALSE,FALSE
1,Sakhir,Bahrain Grand Prix,Ines,Alonso,Alpine,9,0,0,9,9,1,-1,FALSE,FALSE
1,Sakhir,Bahrain Grand Prix,Ines,Perez,Red Bull,0,0,0,0,18,12,-12,TRUE,FALSE
1,Sakhir,Bahrain Grand Prix,Ines,Alonso,Alpine,0,0,0,0,9,NA,NA,FALSE,TRUE
1,Sakhir,Bahrain Grand Prix,Filip,Ocon,Alpine,4,0,0,4,7,6,6,FALSE,FALSE
1,Sakhir,Bahrain Grand Prix,Filip,Magnussen,Haas,0,0,0,0,5,10,10,FALSE,FALSE
1,Sakhir,Bahrain Grand Prix,Filip,Alonso,Alpine,8,0,0,8,9,2,2,FALSE,FALSE
1,Sakhir,Bahrain Grand Prix,Filip,Perez,Red Bull,0,0,0,0,18,13,-13,TRUE,FALSE
1,Sakhir,Bahrain Grand Prix,Filip,Hamilton,Mercedes,0,0,3,3,3,NA,NA,FALSE,TRUE
1,Sakhir,Bahrain Grand Prix,Matthias,Ocon,Alpine,1,1,0,2,7,9,9,TRUE,FALSE
1,Sakhir,Bahrain Grand Prix,Matthias,Magnussen,Haas,5,0,0,5,5,5,5,FALSE,FALSE
1,Sakhir,Bahrain Grand Prix,Matthias,Alonso,Alpine,5,0,0,5,9,5,5,FALSE,FALSE
1,Sakhir,Bahrain Grand Prix,Matthias,Perez,Red Bull,0,0,0,0,18,13,-13,FALSE,FALSE
1,Sakhir,Bahrain Grand Prix,Matthias,Norris,McLaren,0,0,0,0,15,NA,NA,FALSE,TRUE
2,Jeddah,Saudi Arabian Grand Prix,Bram,Leclerc,Ferrari,9,0,0,9,2,1,1,FALSE,FALSE
2,Jeddah,Saudi Arabian Grand Prix,Bram,Tsunoda,AlphaTauri,0,0,0,0,19,10,-10,FALSE,FALSE
2,Jeddah,Saudi Arabian Grand Prix,Bram,Hamilton,Mercedes,5,0,0,5,10,5,-5,FALSE,FALSE
2,Jeddah,Saudi Arabian Grand Prix,Bram,Bottas,Alfa Romeo,0,0,0,0,15,11,-11,TRUE,FALSE
2,Jeddah,Saudi Arabian Grand Prix,Bram,Magnussen,Haas,0,0,3,3,9,NA,NA,FALSE,TRUE
2,Jeddah,Saudi Arabian Grand Prix,Dylan,Leclerc,Ferrari,10,10,0,20,2,0,0,TRUE,FALSE
2,Jeddah,Saudi Arabian Grand Prix,Dylan,Tsunoda,AlphaTauri,7,0,0,7,19,3,-3,FALSE,FALSE
2,Jeddah,Saudi Arabian Grand Prix,Dylan,Hamilton,Mercedes,3,0,0,3,10,7,-7,FALSE,FALSE
2,Jeddah,Saudi Arabian Grand Prix,Dylan,Bottas,Alfa Romeo,3,0,0,3,15,7,-7,FALSE,FALSE
2,Jeddah,Saudi Arabian Grand Prix,Dylan,Gasly,AlphaTauri,0,0,4,4,8,NA,NA,FALSE,TRUE
2,Jeddah,Saudi Arabian Grand Prix,Filip,Leclerc,Ferrari,9,9,0,18,2,1,-1,TRUE,FALSE
2,Jeddah,Saudi Arabian Grand Prix,Filip,Tsunoda,AlphaTauri,1,0,0,1,19,9,-9,FALSE,FALSE
2,Jeddah,Saudi Arabian Grand Prix,Filip,Hamilton,Mercedes,5,0,0,5,10,5,-5,FALSE,FALSE
2,Jeddah,Saudi Arabian Grand Prix,Filip,Bottas,Alfa Romeo,3,0,0,3,15,7,-7,FALSE,FALSE
2,Jeddah,Saudi Arabian Grand Prix,Filip,Stroll,Aston Martin,0,0,0,0,13,NA,NA,FALSE,TRUE
2,Jeddah,Saudi Arabian Grand Prix,Robbert,Leclerc,Ferrari,10,0,0,10,2,0,0,FALSE,FALSE
2,Jeddah,Saudi Arabian Grand Prix,Robbert,Tsunoda,AlphaTauri,0,0,0,0,19,10,-10,TRUE,FALSE
2,Jeddah,Saudi Arabian Grand Prix,Robbert,Hamilton,Mercedes,4,0,0,4,10,6,-6,FALSE,FALSE
2,Jeddah,Saudi Arabian Grand Prix,Robbert,Bottas,Alfa Romeo,2,0,0,2,15,8,-8,FALSE,FALSE
2,Jeddah,Saudi Arabian Grand Prix,Robbert,Norris,McLaren,0,0,8,8,7,NA,NA,FALSE,TRUE
2,Jeddah,Saudi Arabian Grand Prix,Ester,Leclerc,Ferrari,9,9,0,18,2,1,-1,TRUE,FALSE
2,Jeddah,Saudi Arabian Grand Prix,Ester,Tsunoda,AlphaTauri,1,0,0,1,19,9,-9,FALSE,FALSE
2,Jeddah,Saudi Arabian Grand Prix,Ester,Hamilton,Mercedes,5,0,0,5,10,5,-5,FALSE,FALSE
2,Jeddah,Saudi Arabian Grand Prix,Ester,Bottas,Alfa Romeo,2,0,0,2,15,8,-8,FALSE,FALSE
2,Jeddah,Saudi Arabian Grand Prix,Ester,Stroll,Aston Martin,0,0,0,0,13,NA,NA,FALSE,TRUE
2,Jeddah,Saudi Arabian Grand Prix,Eva,Leclerc,Ferrari,10,10,0,20,2,0,0,TRUE,FALSE
2,Jeddah,Saudi Arabian Grand Prix,Eva,Tsunoda,AlphaTauri,3,0,0,3,19,7,-7,FALSE,FALSE
2,Jeddah,Saudi Arabian Grand Prix,Eva,Hamilton,Mercedes,4,0,0,4,10,6,-6,FALSE,FALSE
2,Jeddah,Saudi Arabian Grand Prix,Eva,Bottas,Alfa Romeo,1,0,0,1,15,9,-9,FALSE,FALSE
2,Jeddah,Saudi Arabian Grand Prix,Eva,Bottas,Alfa Romeo,0,0,0,0,15,NA,NA,FALSE,TRUE
2,Jeddah,Saudi Arabian Grand Prix,Mattijs,Leclerc,Ferrari,9,9,0,18,2,1,-1,TRUE,FALSE
2,Jeddah,Saudi Arabian Grand Prix,Mattijs,Tsunoda,AlphaTauri,0,0,0,0,19,11,-11,FALSE,FALSE
2,Jeddah,Saudi Arabian Grand Prix,Mattijs,Hamilton,Mercedes,3,0,0,3,10,7,-7,FALSE,FALSE
2,Jeddah,Saudi Arabian Grand Prix,Mattijs,Bottas,Alfa Romeo,0,0,0,0,15,10,-10,FALSE,FALSE
2,Jeddah,Saudi Arabian Grand Prix,Mattijs,Alonso,Alpine,0,0,0,0,16,NA,NA,FALSE,TRUE
2,Jeddah,Saudi Arabian Grand Prix,Ines,Leclerc,Ferrari,10,10,0,20,2,0,0,TRUE,FALSE
2,Jeddah,Saudi Arabian Grand Prix,Ines,Tsunoda,AlphaTauri,0,0,0,0,19,11,-11,FALSE,FALSE
2,Jeddah,Saudi Arabian Grand Prix,Ines,Hamilton,Mercedes,4,0,0,4,10,6,-6,FALSE,FALSE
2,Jeddah,Saudi Arabian Grand Prix,Ines,Bottas,Alfa Romeo,5,0,0,5,15,5,-5,FALSE,FALSE
2,Jeddah,Saudi Arabian Grand Prix,Ines,Alonso,Alpine,0,0,0,0,16,NA,NA,FALSE,TRUE
2,Jeddah,Saudi Arabian Grand Prix,Matthias,Leclerc,Ferrari,10,10,0,20,2,0,0,TRUE,FALSE
2,Jeddah,Saudi Arabian Grand Prix,Matthias,Tsunoda,AlphaTauri,0,0,0,0,19,10,-10,FALSE,FALSE
2,Jeddah,Saudi Arabian Grand Prix,Matthias,Hamilton,Mercedes,5,0,0,5,10,5,-5,FALSE,FALSE
2,Jeddah,Saudi Arabian Grand Prix,Matthias,Bottas,Alfa Romeo,5,0,0,5,15,5,-5,FALSE,FALSE
2,Jeddah,Saudi Arabian Grand Prix,Matthias,Alonso,Alpine,0,0,0,0,16,NA,NA,FALSE,TRUE
3,Melbourne,Australian Grand Prix,Bram,Latifi,Williams,3,0,0,3,16,7,-7,FALSE,FALSE
3,Melbourne,Australian Grand Prix,Bram,Gasly,AlphaTauri,10,10,0,20,9,0,0,TRUE,FALSE
3,Melbourne,Australian Grand Prix,Bram,Albon,Williams,9,0,0,9,10,1,-1,FALSE,FALSE
3,Melbourne,Australian Grand Prix,Bram,Stroll,Aston Martin,7,0,0,7,12,3,-3,FALSE,FALSE
3,Melbourne,Australian Grand Prix,Bram,Hamilton,Mercedes,0,0,0,0,4,NA,NA,FALSE,TRUE
3,Melbourne,Australian Grand Prix,Filip,Latifi,Williams,8,8,0,16,16,2,2,TRUE,FALSE
3,Melbourne,Australian Grand Prix,Filip,Gasly,AlphaTauri,9,0,0,9,9,1,-1,FALSE,FALSE
3,Melbourne,Australian Grand Prix,Filip,Albon,Williams,4,0,0,4,10,6,6,FALSE,FALSE
3,Melbourne,Australian Grand Prix,Filip,Stroll,Aston Martin,8,0,0,8,12,2,2,FALSE,FALSE
3,Melbourne,Australian Grand Prix,Filip,Hamilton,Mercedes,0,0,0,0,4,NA,NA,FALSE,TRUE
3,Melbourne,Australian Grand Prix,Dylan,Latifi,Williams,9,9,0,18,16,1,1,TRUE,FALSE
3,Melbourne,Australian Grand Prix,Dylan,Gasly,AlphaTauri,10,0,0,10,9,0,0,FALSE,FALSE
3,Melbourne,Australian Grand Prix,Dylan,Albon,Williams,6,0,0,6,10,4,4,FALSE,FALSE
3,Melbourne,Australian Grand Prix,Dylan,Stroll,Aston Martin,9,0,0,9,12,1,1,FALSE,FALSE
3,Melbourne,Australian Grand Prix,Dylan,Hamilton,Mercedes,0,0,0,0,4,NA,NA,FALSE,TRUE
3,Melbourne,Australian Grand Prix,Matthias,Latifi,Williams,9,9,0,18,16,1,1,TRUE,FALSE
3,Melbourne,Australian Grand Prix,Matthias,Gasly,AlphaTauri,8,0,0,8,9,2,-2,FALSE,FALSE
3,Melbourne,Australian Grand Prix,Matthias,Albon,Williams,3,0,0,3,10,7,7,FALSE,FALSE
3,Melbourne,Australian Grand Prix,Matthias,Stroll,Aston Martin,9,0,0,9,12,1,-1,FALSE,FALSE
3,Melbourne,Australian Grand Prix,Matthias,Alonso,Alpine,0,0,0,0,17,NA,NA,FALSE,TRUE
3,Melbourne,Australian Grand Prix,Ines,Latifi,Williams,10,0,0,10,16,0,0,FALSE,FALSE
3,Melbourne,Australian Grand Prix,Ines,Gasly,AlphaTauri,10,10,0,20,9,0,0,TRUE,FALSE
3,Melbourne,Australian Grand Prix,Ines,Albon,Williams,3,0,0,3,10,7,7,FALSE,FALSE
3,Melbourne,Australian Grand Prix,Ines,Stroll,Aston Martin,9,0,0,9,12,1,1,FALSE,FALSE
3,Melbourne,Australian Grand Prix,Ines,Perez,Red Bull,0,0,1,1,2,NA,NA,FALSE,TRUE
3,Melbourne,Australian Grand Prix,Robbert,Latifi,Williams,5,0,0,5,16,5,-5,FALSE,FALSE
3,Melbourne,Australian Grand Prix,Robbert,Gasly,AlphaTauri,9,9,0,18,9,1,1,TRUE,FALSE
3,Melbourne,Australian Grand Prix,Robbert,Albon,Williams,9,0,0,9,10,1,-1,FALSE,FALSE
3,Melbourne,Australian Grand Prix,Robbert,Stroll,Aston Martin,10,0,0,10,12,0,0,FALSE,FALSE
3,Melbourne,Australian Grand Prix,Robbert,Hamilton,Mercedes,0,0,0,0,4,NA,NA,FALSE,TRUE
3,Melbourne,Australian Grand Prix,Eva,Latifi,Williams,6,0,0,6,16,4,4,FALSE,FALSE
3,Melbourne,Australian Grand Prix,Eva,Gasly,AlphaTauri,7,0,0,7,9,3,3,FALSE,FALSE
3,Melbourne,Australian Grand Prix,Eva,Albon,Williams,3,0,0,3,10,7,7,FALSE,FALSE
3,Melbourne,Australian Grand Prix,Eva,Stroll,Aston Martin,5,5,0,10,12,5,-5,TRUE,FALSE
3,Melbourne,Australian Grand Prix,Eva,Ricciardo,McLaren,0,0,0,0,6,NA,NA,FALSE,TRUE
3,Melbourne,Australian Grand Prix,Mattijs,Latifi,Williams,8,8,0,16,16,2,2,TRUE,FALSE
3,Melbourne,Australian Grand Prix,Mattijs,Gasly,AlphaTauri,9,0,0,9,9,1,1,FALSE,FALSE
3,Melbourne,Australian Grand Prix,Mattijs,Albon,Williams,3,0,0,3,10,7,7,FALSE,FALSE
3,Melbourne,Australian Grand Prix,Mattijs,Stroll,Aston Martin,9,0,0,9,12,1,1,FALSE,FALSE
3,Melbourne,Australian Grand Prix,Mattijs,Alonso,Alpine,0,0,0,0,17,NA,NA,FALSE,TRUE
3,Melbourne,Australian Grand Prix,Ester,Latifi,Williams,8,8,0,16,16,2,2,TRUE,FALSE
3,Melbourne,Australian Grand Prix,Ester,Gasly,AlphaTauri,10,0,0,10,9,0,0,FALSE,FALSE
3,Melbourne,Australian Grand Prix,Ester,Albon,Williams,7,0,0,7,10,3,3,FALSE,FALSE
3,Melbourne,Australian Grand Prix,Ester,Stroll,Aston Martin,10,0,0,10,12,0,0,FALSE,FALSE
3,Melbourne,Australian Grand Prix,Ester,Ricciardo,McLaren,0,0,0,0,6,NA,NA,FALSE,TRUE
4,Imola,Emilia Romagna Grand Prix,Bram,Verstappen,Red Bull,0,0,0,0,1,16,16,FALSE,FALSE
4,Imola,Emilia Romagna Grand Prix,Bram,Sainz,Ferrari,0,0,0,0,20,18,-18,FALSE,FALSE
4,Imola,Emilia Romagna Grand Prix,Bram,Norris,McLaren,8,0,0,8,3,2,2,FALSE,FALSE
4,Imola,Emilia Romagna Grand Prix,Bram,Ricciardo,McLaren,0,0,0,0,18,15,-15,TRUE,FALSE
4,Imola,Emilia Romagna Grand Prix,Bram,Ocon,Alpine,0,0,0,0,14,NA,NA,FALSE,TRUE
4,Imola,Emilia Romagna Grand Prix,Eva,Verstappen,Red Bull,9,0,0,9,1,1,1,FALSE,FALSE
4,Imola,Emilia Romagna Grand Prix,Eva,Sainz,Ferrari,0,0,0,0,20,16,-16,TRUE,FALSE
4,Imola,Emilia Romagna Grand Prix,Eva,Norris,McLaren,5,0,0,5,3,5,5,FALSE,FALSE
4,Imola,Emilia Romagna Grand Prix,Eva,Ricciardo,McLaren,3,0,0,3,18,7,-7,FALSE,FALSE
4,Imola,Emilia Romagna Grand Prix,Eva,Stroll,Aston Martin,0,0,6,6,10,NA,NA,FALSE,TRUE
4,Imola,Emilia Romagna Grand Prix,Robbert,Verstappen,Red Bull,9,9,0,18,1,1,1,TRUE,FALSE
4,Imola,Emilia Romagna Grand Prix,Robbert,Sainz,Ferrari,0,0,0,0,20,17,-17,FALSE,FALSE
4,Imola,Emilia Romagna Grand Prix,Robbert,Norris,McLaren,7,0,0,7,3,3,3,FALSE,FALSE
4,Imola,Emilia Romagna Grand Prix,Robbert,Ricciardo,McLaren,0,0,0,0,18,11,-11,FALSE,FALSE
4,Imola,Emilia Romagna Grand Prix,Robbert,Perez,Red Bull,0,0,0,0,2,NA,NA,FALSE,TRUE
4,Imola,Emilia Romagna Grand Prix,Dylan,Verstappen,Red Bull,9,0,0,9,1,1,1,FALSE,FALSE
4,Imola,Emilia Romagna Grand Prix,Dylan,Sainz,Ferrari,0,0,0,0,20,17,-17,TRUE,FALSE
4,Imola,Emilia Romagna Grand Prix,Dylan,Norris,McLaren,7,0,0,7,3,3,3,FALSE,FALSE
4,Imola,Emilia Romagna Grand Prix,Dylan,Ricciardo,McLaren,0,0,0,0,18,10,-10,FALSE,FALSE
4,Imola,Emilia Romagna Grand Prix,Dylan,Hamilton,Mercedes,0,0,0,0,13,NA,NA,FALSE,TRUE
4,Imola,Emilia Romagna Grand Prix,Matthias,Verstappen,Red Bull,9,9,0,18,1,1,1,TRUE,FALSE
4,Imola,Emilia Romagna Grand Prix,Matthias,Sainz,Ferrari,0,0,0,0,20,17,-17,FALSE,FALSE
4,Imola,Emilia Romagna Grand Prix,Matthias,Norris,McLaren,4,0,0,4,3,6,6,FALSE,FALSE
4,Imola,Emilia Romagna Grand Prix,Matthias,Ricciardo,McLaren,3,0,0,3,18,7,-7,FALSE,FALSE
4,Imola,Emilia Romagna Grand Prix,Matthias,Alonso,Alpine,0,0,0,0,19,NA,NA,FALSE,TRUE
4,Imola,Emilia Romagna Grand Prix,Ester,Verstappen,Red Bull,9,0,0,9,1,1,1,FALSE,FALSE
4,Imola,Emilia Romagna Grand Prix,Ester,Sainz,Ferrari,0,0,0,0,20,17,-17,TRUE,FALSE
4,Imola,Emilia Romagna Grand Prix,Ester,Norris,McLaren,4,0,0,4,3,6,6,FALSE,FALSE
4,Imola,Emilia Romagna Grand Prix,Ester,Ricciardo,McLaren,5,0,0,5,18,5,-5,FALSE,FALSE
4,Imola,Emilia Romagna Grand Prix,Ester,Bottas,Alfa Romeo,0,0,1,1,5,NA,NA,FALSE,TRUE
4,Imola,Emilia Romagna Grand Prix,Mattijs,Verstappen,Red Bull,10,10,0,20,1,0,0,TRUE,FALSE
4,Imola,Emilia Romagna Grand Prix,Mattijs,Sainz,Ferrari,0,0,0,0,20,17,-17,FALSE,FALSE
4,Imola,Emilia Romagna Grand Prix,Mattijs,Norris,McLaren,8,0,0,8,3,2,2,FALSE,FALSE
4,Imola,Emilia Romagna Grand Prix,Mattijs,Ricciardo,McLaren,0,0,0,0,18,10,-10,FALSE,FALSE
4,Imola,Emilia Romagna Grand Prix,Mattijs,Vettel,Aston Martin,0,0,7,7,8,NA,NA,FALSE,TRUE
4,Imola,Emilia Romagna Grand Prix,Filip,Verstappen,Red Bull,8,0,0,8,1,2,2,FALSE,FALSE
4,Imola,Emilia Romagna Grand Prix,Filip,Sainz,Ferrari,0,0,0,0,20,17,-17,TRUE,FALSE
4,Imola,Emilia Romagna Grand Prix,Filip,Norris,McLaren,3,0,0,3,3,7,7,FALSE,FALSE
4,Imola,Emilia Romagna Grand Prix,Filip,Ricciardo,McLaren,4,0,0,4,18,6,-6,FALSE,FALSE
4,Imola,Emilia Romagna Grand Prix,Filip,Stroll,Aston Martin,0,0,6,6,10,NA,NA,FALSE,TRUE
4,Imola,Emilia Romagna Grand Prix,Ines,Verstappen,Red Bull,9,0,0,9,1,1,1,FALSE,FALSE
4,Imola,Emilia Romagna Grand Prix,Ines,Sainz,Ferrari,0,0,0,0,20,16,-16,TRUE,FALSE
4,Imola,Emilia Romagna Grand Prix,Ines,Norris,McLaren,5,0,0,5,3,5,5,FALSE,FALSE
4,Imola,Emilia Romagna Grand Prix,Ines,Ricciardo,McLaren,2,0,0,2,18,8,-8,FALSE,FALSE
4,Imola,Emilia Romagna Grand Prix,Ines,Hamilton,Mercedes,0,0,0,0,13,NA,NA,FALSE,TRUE
5,Miami,Miami Grand Prix,Bram,Schumacher,Haas,8,0,0,8,15,2,-2,FALSE,FALSE
5,Miami,Miami Grand Prix,Bram,Russell,Mercedes,10,0,0,10,5,0,0,FALSE,FALSE
5,Miami,Miami Grand Prix,Bram,Zhou,Alfa Romeo,4,4,0,8,20,6,-6,TRUE,FALSE
5,Miami,Miami Grand Prix,Bram,Vettel,Aston Martin,1,0,0,1,17,9,-9,FALSE,FALSE
5,Miami,Miami Grand Prix,Bram,Verstappen,Red Bull,0,0,4,4,1,NA,NA,FALSE,TRUE
5,Miami,Miami Grand Prix,Dylan,Schumacher,Haas,10,0,0,10,15,0,0,FALSE,FALSE
5,Miami,Miami Grand Prix,Dylan,Russell,Mercedes,9,9,0,18,5,1,-1,TRUE,FALSE
5,Miami,Miami Grand Prix,Dylan,Zhou,Alfa Romeo,1,0,0,1,20,9,-9,FALSE,FALSE
5,Miami,Miami Grand Prix,Dylan,Vettel,Aston Martin,5,0,0,5,17,5,-5,FALSE,FALSE
5,Miami,Miami Grand Prix,Dylan,Sainz,Ferrari,0,0,0,0,3,NA,NA,FALSE,TRUE
5,Miami,Miami Grand Prix,Matthias,Schumacher,Haas,10,0,0,10,15,0,0,FALSE,FALSE
5,Miami,Miami Grand Prix,Matthias,Russell,Mercedes,9,9,0,18,5,1,-1,TRUE,FALSE
5,Miami,Miami Grand Prix,Matthias,Zhou,Alfa Romeo,1,0,0,1,20,9,-9,FALSE,FALSE
5,Miami,Miami Grand Prix,Matthias,Vettel,Aston Martin,6,0,0,6,17,4,-4,FALSE,FALSE
5,Miami,Miami Grand Prix,Matthias,Vettel,Aston Martin,0,0,5,5,17,NA,NA,FALSE,TRUE
5,Miami,Miami Grand Prix,Ines,Schumacher,Haas,10,0,0,10,15,0,0,FALSE,FALSE
5,Miami,Miami Grand Prix,Ines,Russell,Mercedes,10,10,0,20,5,0,0,TRUE,FALSE
5,Miami,Miami Grand Prix,Ines,Zhou,Alfa Romeo,1,0,0,1,20,9,-9,FALSE,FALSE
5,Miami,Miami Grand Prix,Ines,Vettel,Aston Martin,3,0,0,3,17,7,-7,FALSE,FALSE
5,Miami,Miami Grand Prix,Ines,Alonso,Alpine,0,0,0,0,11,NA,NA,FALSE,TRUE
5,Miami,Miami Grand Prix,Filip,Schumacher,Haas,10,0,0,10,15,0,0,FALSE,FALSE
5,Miami,Miami Grand Prix,Filip,Russell,Mercedes,9,9,0,18,5,1,-1,TRUE,FALSE
5,Miami,Miami Grand Prix,Filip,Zhou,Alfa Romeo,2,0,0,2,20,8,-8,FALSE,FALSE
5,Miami,Miami Grand Prix,Filip,Vettel,Aston Martin,7,0,0,7,17,3,-3,FALSE,FALSE
5,Miami,Miami Grand Prix,Filip,Albon,Williams,0,0,8,8,9,NA,NA,FALSE,TRUE
5,Miami,Miami Grand Prix,Mattijs,Schumacher,Haas,8,0,0,8,15,2,2,FALSE,FALSE
5,Miami,Miami Grand Prix,Mattijs,Russell,Mercedes,7,7,0,14,5,3,-3,TRUE,FALSE
5,Miami,Miami Grand Prix,Mattijs,Zhou,Alfa Romeo,8,0,0,8,20,2,-2,FALSE,FALSE
5,Miami,Miami Grand Prix,Mattijs,Vettel,Aston Martin,3,0,0,3,17,7,-7,FALSE,FALSE
5,Miami,Miami Grand Prix,Mattijs,Alonso,Alpine,0,0,0,0,11,NA,NA,FALSE,TRUE
5,Miami,Miami Grand Prix,Eva,Schumacher,Haas,5,0,0,5,15,5,5,FALSE,FALSE
5,Miami,Miami Grand Prix,Eva,Russell,Mercedes,9,9,0,18,5,1,-1,TRUE,FALSE
5,Miami,Miami Grand Prix,Eva,Zhou,Alfa Romeo,7,0,0,7,20,3,-3,FALSE,FALSE
5,Miami,Miami Grand Prix,Eva,Vettel,Aston Martin,7,0,0,7,17,3,-3,FALSE,FALSE
5,Miami,Miami Grand Prix,Eva,Bottas,Alfa Romeo,0,0,0,0,7,NA,NA,FALSE,TRUE
5,Miami,Miami Grand Prix,Robbert,Schumacher,Haas,9,0,0,9,15,1,-1,FALSE,FALSE
5,Miami,Miami Grand Prix,Robbert,Russell,Mercedes,10,10,0,20,5,0,0,TRUE,FALSE
5,Miami,Miami Grand Prix,Robbert,Zhou,Alfa Romeo,0,0,0,0,20,11,-11,FALSE,FALSE
5,Miami,Miami Grand Prix,Robbert,Vettel,Aston Martin,2,0,0,2,17,8,-8,FALSE,FALSE
5,Miami,Miami Grand Prix,Robbert,Norris,McLaren,0,0,0,0,19,NA,NA,FALSE,TRUE
5,Miami,Miami Grand Prix,Ester,Schumacher,Haas,10,0,0,10,15,0,0,FALSE,FALSE
5,Miami,Miami Grand Prix,Ester,Russell,Mercedes,9,9,0,18,5,1,-1,TRUE,FALSE
5,Miami,Miami Grand Prix,Ester,Zhou,Alfa Romeo,2,0,0,2,20,8,-8,FALSE,FALSE
5,Miami,Miami Grand Prix,Ester,Vettel,Aston Martin,3,0,0,3,17,7,-7,FALSE,FALSE
5,Miami,Miami Grand Prix,Ester,Alonso,Alpine,0,0,0,0,11,NA,NA,FALSE,TRUE
6,Montmeló,Spanish Grand Prix,Dylan,Norris,McLaren,9,9,0,18,8,1,1,TRUE,FALSE
6,Montmeló,Spanish Grand Prix,Dylan,Vettel,Aston Martin,9,0,0,9,11,1,1,FALSE,FALSE
6,Montmeló,Spanish Grand Prix,Dylan,Magnussen,Haas,3,0,0,3,17,7,-7,FALSE,FALSE
6,Montmeló,Spanish Grand Prix,Dylan,Gasly,AlphaTauri,5,0,0,5,13,5,-5,FALSE,FALSE
6,Montmeló,Spanish Grand Prix,Dylan,Albon,Williams,0,0,0,0,18,NA,NA,FALSE,TRUE
6,Montmeló,Spanish Grand Prix,Bram,Norris,McLaren,7,0,0,7,8,3,-3,FALSE,FALSE
6,Montmeló,Spanish Grand Prix,Bram,Vettel,Aston Martin,7,0,0,7,11,3,3,FALSE,FALSE
6,Montmeló,Spanish Grand Prix,Bram,Magnussen,Haas,1,0,0,1,17,9,-9,FALSE,FALSE
6,Montmeló,Spanish Grand Prix,Bram,Gasly,AlphaTauri,3,3,0,6,13,7,-7,TRUE,FALSE
6,Montmeló,Spanish Grand Prix,Bram,Tsunoda,AlphaTauri,0,0,5,5,10,NA,NA,FALSE,TRUE
6,Montmeló,Spanish Grand Prix,Filip,Norris,McLaren,9,0,0,9,8,1,-1,FALSE,FALSE
6,Montmeló,Spanish Grand Prix,Filip,Vettel,Aston Martin,7,0,0,7,11,3,-3,FALSE,FALSE
6,Montmeló,Spanish Grand Prix,Filip,Magnussen,Haas,2,2,0,4,17,8,-8,TRUE,FALSE
6,Montmeló,Spanish Grand Prix,Filip,Gasly,AlphaTauri,7,0,0,7,13,3,-3,FALSE,FALSE
6,Montmeló,Spanish Grand Prix,Filip,Albon,Williams,0,0,0,0,18,NA,NA,FALSE,TRUE
6,Montmeló,Spanish Grand Prix,Ines,Norris,McLaren,8,0,0,8,8,2,-2,FALSE,FALSE
6,Montmeló,Spanish Grand Prix,Ines,Vettel,Aston Martin,8,8,0,16,11,2,-2,TRUE,FALSE
6,Montmeló,Spanish Grand Prix,Ines,Magnussen,Haas,4,0,0,4,17,6,-6,FALSE,FALSE
6,Montmeló,Spanish Grand Prix,Ines,Gasly,AlphaTauri,7,0,0,7,13,3,-3,FALSE,FALSE
6,Montmeló,Spanish Grand Prix,Ines,Alonso,Alpine,0,0,10,10,9,NA,NA,FALSE,TRUE
6,Montmeló,Spanish Grand Prix,Robbert,Norris,McLaren,7,7,0,14,8,3,-3,TRUE,FALSE
6,Montmeló,Spanish Grand Prix,Robbert,Vettel,Aston Martin,7,0,0,7,11,3,-3,FALSE,FALSE
6,Montmeló,Spanish Grand Prix,Robbert,Magnussen,Haas,2,0,0,2,17,8,-8,FALSE,FALSE
6,Montmeló,Spanish Grand Prix,Robbert,Gasly,AlphaTauri,8,0,0,8,13,2,-2,FALSE,FALSE
6,Montmeló,Spanish Grand Prix,Robbert,Norris,McLaren,0,0,6,6,8,NA,NA,TRUE,TRUE
6,Montmeló,Spanish Grand Prix,Matthias,Norris,McLaren,10,0,0,10,8,0,0,FALSE,FALSE
6,Montmeló,Spanish Grand Prix,Matthias,Vettel,Aston Martin,10,0,0,10,11,0,0,FALSE,FALSE
6,Montmeló,Spanish Grand Prix,Matthias,Magnussen,Haas,7,7,0,14,17,3,-3,TRUE,FALSE
6,Montmeló,Spanish Grand Prix,Matthias,Gasly,AlphaTauri,6,0,0,6,13,4,-4,FALSE,FALSE
6,Montmeló,Spanish Grand Prix,Matthias,Bottas,Alfa Romeo,0,0,0,0,6,NA,NA,FALSE,TRUE
6,Montmeló,Spanish Grand Prix,Mattijs,Norris,McLaren,8,0,0,8,8,2,-2,FALSE,FALSE
6,Montmeló,Spanish Grand Prix,Mattijs,Vettel,Aston Martin,7,7,0,14,11,3,-3,TRUE,FALSE
6,Montmeló,Spanish Grand Prix,Mattijs,Magnussen,Haas,0,0,0,0,17,10,-10,FALSE,FALSE
6,Montmeló,Spanish Grand Prix,Mattijs,Gasly,AlphaTauri,9,0,0,9,13,1,1,FALSE,FALSE
6,Montmeló,Spanish Grand Prix,Mattijs,Alonso,Alpine,0,0,10,10,9,NA,NA,FALSE,TRUE
6,Montmeló,Spanish Grand Prix,Eva,Norris,McLaren,9,0,0,9,8,1,-1,FALSE,FALSE
6,Montmeló,Spanish Grand Prix,Eva,Vettel,Aston Martin,9,9,0,18,11,1,1,TRUE,FALSE
6,Montmeló,Spanish Grand Prix,Eva,Magnussen,Haas,5,0,0,5,17,5,-5,FALSE,FALSE
6,Montmeló,Spanish Grand Prix,Eva,Gasly,AlphaTauri,10,0,0,10,13,0,0,FALSE,FALSE
6,Montmeló,Spanish Grand Prix,Eva,Ocon,Alpine,0,0,9,9,7,NA,NA,FALSE,TRUE
6,Montmeló,Spanish Grand Prix,Ester,Norris,McLaren,8,0,0,8,8,2,-2,FALSE,FALSE
6,Montmeló,Spanish Grand Prix,Ester,Vettel,Aston Martin,10,0,0,10,11,0,0,FALSE,FALSE
6,Montmeló,Spanish Grand Prix,Ester,Magnussen,Haas,3,3,0,6,17,7,-7,TRUE,FALSE
6,Montmeló,Spanish Grand Prix,Ester,Gasly,AlphaTauri,9,0,0,9,13,1,-1,FALSE,FALSE
6,Montmeló,Spanish Grand Prix,Ester,Stroll,Aston Martin,0,0,3,3,15,NA,NA,FALSE,TRUE
7,Monte-Carlo,Monaco Grand Prix,Bram,Bottas,Alfa Romeo,7,0,0,7,9,3,-3,FALSE,FALSE
7,Monte-Carlo,Monaco Grand Prix,Bram,Leclerc,Ferrari,9,0,0,9,4,1,1,FALSE,FALSE
7,Monte-Carlo,Monaco Grand Prix,Bram,Tsunoda,AlphaTauri,7,7,0,14,17,3,-3,TRUE,FALSE
7,Monte-Carlo,Monaco Grand Prix,Bram,Ricciardo,McLaren,5,0,0,5,13,5,-5,FALSE,FALSE
7,Monte-Carlo,Monaco Grand Prix,Bram,Albon,Williams,0,0,0,0,18,NA,NA,FALSE,TRUE
7,Monte-Carlo,Monaco Grand Prix,Dylan,Bottas,Alfa Romeo,9,0,0,9,9,1,1,FALSE,FALSE
7,Monte-Carlo,Monaco Grand Prix,Dylan,Leclerc,Ferrari,7,7,0,14,4,3,-3,TRUE,FALSE
7,Monte-Carlo,Monaco Grand Prix,Dylan,Tsunoda,AlphaTauri,8,0,0,8,17,2,-2,FALSE,FALSE
7,Monte-Carlo,Monaco Grand Prix,Dylan,Ricciardo,McLaren,9,0,0,9,13,1,-1,FALSE,FALSE
7,Monte-Carlo,Monaco Grand Prix,Dylan,Hamilton,Mercedes,0,0,0,0,8,NA,NA,FALSE,TRUE
7,Monte-Carlo,Monaco Grand Prix,Robbert,Bottas,Alfa Romeo,8,0,0,8,9,2,-2,FALSE,FALSE
7,Monte-Carlo,Monaco Grand Prix,Robbert,Leclerc,Ferrari,8,8,0,16,4,2,-2,TRUE,FALSE
7,Monte-Carlo,Monaco Grand Prix,Robbert,Tsunoda,AlphaTauri,3,0,0,3,17,7,-7,FALSE,FALSE
7,Monte-Carlo,Monaco Grand Prix,Robbert,Ricciardo,McLaren,9,0,0,9,13,1,-1,FALSE,FALSE
7,Monte-Carlo,Monaco Grand Prix,Robbert,Perez,Red Bull,0,0,5,5,1,NA,NA,FALSE,TRUE
7,Monte-Carlo,Monaco Grand Prix,Filip,Bottas,Alfa Romeo,8,8,0,16,9,2,-2,TRUE,FALSE
7,Monte-Carlo,Monaco Grand Prix,Filip,Leclerc,Ferrari,9,0,0,9,4,1,-1,FALSE,FALSE
7,Monte-Carlo,Monaco Grand Prix,Filip,Tsunoda,AlphaTauri,4,0,0,4,17,6,-6,FALSE,FALSE
7,Monte-Carlo,Monaco Grand Prix,Filip,Ricciardo,McLaren,10,0,0,10,13,0,0,FALSE,FALSE
7,Monte-Carlo,Monaco Grand Prix,Filip,Russell,Mercedes,0,0,3,3,5,NA,NA,FALSE,TRUE
7,Monte-Carlo,Monaco Grand Prix,Matthias,Bottas,Alfa Romeo,9,0,0,9,9,1,-1,FALSE,FALSE
7,Monte-Carlo,Monaco Grand Prix,Matthias,Leclerc,Ferrari,8,8,0,16,4,2,-2,TRUE,FALSE
7,Monte-Carlo,Monaco Grand Prix,Matthias,Tsunoda,AlphaTauri,6,0,0,6,17,4,-4,FALSE,FALSE
7,Monte-Carlo,Monaco Grand Prix,Matthias,Ricciardo,McLaren,6,0,0,6,13,4,-4,FALSE,FALSE
7,Monte-Carlo,Monaco Grand Prix,Matthias,Albon,Williams,0,0,0,0,18,NA,NA,FALSE,TRUE
7,Monte-Carlo,Monaco Grand Prix,Ines,Bottas,Alfa Romeo,10,0,0,10,9,0,0,FALSE,FALSE
7,Monte-Carlo,Monaco Grand Prix,Ines,Leclerc,Ferrari,8,8,0,16,4,2,-2,TRUE,FALSE
7,Monte-Carlo,Monaco Grand Prix,Ines,Tsunoda,AlphaTauri,6,0,0,6,17,4,-4,FALSE,FALSE
7,Monte-Carlo,Monaco Grand Prix,Ines,Ricciardo,McLaren,7,0,0,7,13,3,-3,FALSE,FALSE
7,Monte-Carlo,Monaco Grand Prix,Ines,Ocon,Alpine,0,0,0,0,12,NA,NA,FALSE,TRUE
7,Monte-Carlo,Monaco Grand Prix,Eva,Bottas,Alfa Romeo,8,8,0,16,9,2,-2,TRUE,FALSE
7,Monte-Carlo,Monaco Grand Prix,Eva,Leclerc,Ferrari,8,0,0,8,4,2,-2,FALSE,FALSE
7,Monte-Carlo,Monaco Grand Prix,Eva,Tsunoda,AlphaTauri,4,0,0,4,17,6,-6,FALSE,FALSE
7,Monte-Carlo,Monaco Grand Prix,Eva,Ricciardo,McLaren,9,0,0,9,13,1,1,FALSE,FALSE
7,Monte-Carlo,Monaco Grand Prix,Eva,Alonso,Alpine,0,0,0,0,7,NA,NA,FALSE,TRUE
7,Monte-Carlo,Monaco Grand Prix,Mattijs,Bottas,Alfa Romeo,8,0,0,8,9,2,2,FALSE,FALSE
7,Monte-Carlo,Monaco Grand Prix,Mattijs,Leclerc,Ferrari,7,7,0,14,4,3,-3,TRUE,FALSE
7,Monte-Carlo,Monaco Grand Prix,Mattijs,Tsunoda,AlphaTauri,8,0,0,8,17,2,-2,FALSE,FALSE
7,Monte-Carlo,Monaco Grand Prix,Mattijs,Ricciardo,McLaren,10,0,0,10,13,0,0,FALSE,FALSE
7,Monte-Carlo,Monaco Grand Prix,Mattijs,Hamilton,Mercedes,0,0,0,0,8,NA,NA,FALSE,TRUE
7,Monte-Carlo,Monaco Grand Prix,Ester,Bottas,Alfa Romeo,7,7,0,14,9,3,-3,TRUE,FALSE
7,Monte-Carlo,Monaco Grand Prix,Ester,Leclerc,Ferrari,8,0,0,8,4,2,-2,FALSE,FALSE
7,Monte-Carlo,Monaco Grand Prix,Ester,Tsunoda,AlphaTauri,3,0,0,3,17,7,-7,FALSE,FALSE
7,Monte-Carlo,Monaco Grand Prix,Ester,Ricciardo,McLaren,10,0,0,10,13,0,0,FALSE,FALSE
7,Monte-Carlo,Monaco Grand Prix,Ester,Albon,Williams,0,0,0,0,18,NA,NA,FALSE,TRUE
8,Baku,Azerbaijan Grand Prix,Bram,Latifi,Williams,9,0,0,9,15,1,-1,FALSE,FALSE
8,Baku,Azerbaijan Grand Prix,Bram,Stroll,Aston Martin,5,0,0,5,16,5,-5,FALSE,FALSE
8,Baku,Azerbaijan Grand Prix,Bram,Verstappen,Red Bull,0,0,0,0,1,18,18,TRUE,FALSE
8,Baku,Azerbaijan Grand Prix,Bram,Perez,Red Bull,10,0,0,10,2,0,0,FALSE,FALSE
8,Baku,Azerbaijan Grand Prix,Bram,Ocon,Alpine,0,0,3,3,10,NA,NA,FALSE,TRUE
8,Baku,Azerbaijan Grand Prix,Dylan,Latifi,Williams,6,0,0,6,15,4,4,FALSE,FALSE
8,Baku,Azerbaijan Grand Prix,Dylan,Stroll,Aston Martin,8,0,0,8,16,2,-2,FALSE,FALSE
8,Baku,Azerbaijan Grand Prix,Dylan,Verstappen,Red Bull,9,9,0,18,1,1,1,TRUE,FALSE
8,Baku,Azerbaijan Grand Prix,Dylan,Perez,Red Bull,9,0,0,9,2,1,1,FALSE,FALSE
8,Baku,Azerbaijan Grand Prix,Dylan,Albon,Williams,0,0,9,9,12,NA,NA,FALSE,TRUE
8,Baku,Azerbaijan Grand Prix,Eva,Latifi,Williams,7,0,0,7,15,3,3,FALSE,FALSE
8,Baku,Azerbaijan Grand Prix,Eva,Stroll,Aston Martin,3,0,0,3,16,7,-7,FALSE,FALSE
8,Baku,Azerbaijan Grand Prix,Eva,Verstappen,Red Bull,9,0,0,9,1,1,1,FALSE,FALSE
8,Baku,Azerbaijan Grand Prix,Eva,Perez,Red Bull,8,8,0,16,2,2,2,TRUE,FALSE
8,Baku,Azerbaijan Grand Prix,Eva,Albon,Williams,0,0,9,9,12,NA,NA,FALSE,TRUE
8,Baku,Azerbaijan Grand Prix,Filip,Latifi,Williams,9,0,0,9,15,1,1,FALSE,FALSE
8,Baku,Azerbaijan Grand Prix,Filip,Stroll,Aston Martin,7,0,0,7,16,3,-3,FALSE,FALSE
8,Baku,Azerbaijan Grand Prix,Filip,Verstappen,Red Bull,9,0,0,9,1,1,1,FALSE,FALSE
8,Baku,Azerbaijan Grand Prix,Filip,Perez,Red Bull,9,9,0,18,2,1,1,TRUE,FALSE
8,Baku,Azerbaijan Grand Prix,Filip,Stroll,Aston Martin,0,0,1,1,16,NA,NA,FALSE,TRUE
8,Baku,Azerbaijan Grand Prix,Matthias,Latifi,Williams,8,0,0,8,15,2,2,FALSE,FALSE
8,Baku,Azerbaijan Grand Prix,Matthias,Stroll,Aston Martin,2,0,0,2,16,8,-8,FALSE,FALSE
8,Baku,Azerbaijan Grand Prix,Matthias,Verstappen,Red Bull,9,9,0,18,1,1,1,TRUE,FALSE
8,Baku,Azerbaijan Grand Prix,Matthias,Perez,Red Bull,9,0,0,9,2,1,1,FALSE,FALSE
8,Baku,Azerbaijan Grand Prix,Matthias,Vettel,Aston Martin,0,0,5,5,6,NA,NA,FALSE,TRUE
8,Baku,Azerbaijan Grand Prix,Ines,Latifi,Williams,9,0,0,9,15,1,1,FALSE,FALSE
8,Baku,Azerbaijan Grand Prix,Ines,Stroll,Aston Martin,5,0,0,5,16,5,-5,FALSE,FALSE
8,Baku,Azerbaijan Grand Prix,Ines,Verstappen,Red Bull,9,9,0,18,1,1,1,TRUE,FALSE
8,Baku,Azerbaijan Grand Prix,Ines,Perez,Red Bull,8,0,0,8,2,2,2,FALSE,FALSE
8,Baku,Azerbaijan Grand Prix,Ines,Verstappen,Red Bull,0,0,0,0,1,NA,NA,TRUE,TRUE
8,Baku,Azerbaijan Grand Prix,Mattijs,Latifi,Williams,7,0,0,7,15,3,3,FALSE,FALSE
8,Baku,Azerbaijan Grand Prix,Mattijs,Stroll,Aston Martin,7,0,0,7,16,3,-3,FALSE,FALSE
8,Baku,Azerbaijan Grand Prix,Mattijs,Verstappen,Red Bull,9,9,0,18,1,1,1,TRUE,FALSE
8,Baku,Azerbaijan Grand Prix,Mattijs,Perez,Red Bull,9,0,0,9,2,1,1,FALSE,FALSE
8,Baku,Azerbaijan Grand Prix,Mattijs,Vettel,Aston Martin,0,0,5,5,6,NA,NA,FALSE,TRUE
8,Baku,Azerbaijan Grand Prix,Ester,Latifi,Williams,9,0,0,9,15,1,1,FALSE,FALSE
8,Baku,Azerbaijan Grand Prix,Ester,Stroll,Aston Martin,7,0,0,7,16,3,-3,FALSE,FALSE
8,Baku,Azerbaijan Grand Prix,Ester,Verstappen,Red Bull,8,0,0,8,1,2,2,FALSE,FALSE
8,Baku,Azerbaijan Grand Prix,Ester,Perez,Red Bull,10,10,0,20,2,0,0,TRUE,FALSE
8,Baku,Azerbaijan Grand Prix,Ester,Albon,Williams,0,0,9,9,12,NA,NA,FALSE,TRUE
8,Baku,Azerbaijan Grand Prix,Robbert,Latifi,Williams,10,0,0,10,15,0,0,FALSE,FALSE
8,Baku,Azerbaijan Grand Prix,Robbert,Stroll,Aston Martin,8,0,0,8,16,2,-2,FALSE,FALSE
8,Baku,Azerbaijan Grand Prix,Robbert,Verstappen,Red Bull,9,0,0,9,1,1,1,FALSE,FALSE
8,Baku,Azerbaijan Grand Prix,Robbert,Perez,Red Bull,10,10,0,20,2,0,0,TRUE,FALSE
8,Baku,Azerbaijan Grand Prix,Robbert,Gasly,AlphaTauri,0,0,0,0,5,NA,NA,FALSE,TRUE
9,Montreal,Canadian Grand Prix,Bram,Schumacher,Haas,1,1,0,2,19,9,-9,TRUE,FALSE
9,Montreal,Canadian Grand Prix,Bram,Albon,Williams,6,0,0,6,13,4,-4,FALSE,FALSE
9,Montreal,Canadian Grand Prix,Bram,Russell,Mercedes,6,0,0,6,4,4,4,FALSE,FALSE
9,Montreal,Canadian Grand Prix,Bram,Sainz,Ferrari,9,0,0,9,2,1,-1,FALSE,FALSE
9,Montreal,Canadian Grand Prix,Bram,Verstappen,Red Bull,0,0,0,0,1,NA,NA,FALSE,TRUE
9,Montreal,Canadian Grand Prix,Dylan,Schumacher,Haas,8,0,0,8,19,2,-2,FALSE,FALSE
9,Montreal,Canadian Grand Prix,Dylan,Albon,Williams,9,0,0,9,13,1,1,FALSE,FALSE
9,Montreal,Canadian Grand Prix,Dylan,Russell,Mercedes,8,8,0,16,4,2,2,TRUE,FALSE
9,Montreal,Canadian Grand Prix,Dylan,Sainz,Ferrari,7,0,0,7,2,3,3,FALSE,FALSE
9,Montreal,Canadian Grand Prix,Dylan,Albon,Williams,0,0,0,0,13,NA,NA,FALSE,TRUE
9,Montreal,Canadian Grand Prix,Filip,Schumacher,Haas,8,0,0,8,19,2,-2,FALSE,FALSE
9,Montreal,Canadian Grand Prix,Filip,Albon,Williams,7,0,0,7,13,3,3,FALSE,FALSE
9,Montreal,Canadian Grand Prix,Filip,Russell,Mercedes,9,9,0,18,4,1,1,TRUE,FALSE
9,Montreal,Canadian Grand Prix,Filip,Sainz,Ferrari,8,0,0,8,2,2,2,FALSE,FALSE
9,Montreal,Canadian Grand Prix,Filip,Tsunoda,AlphaTauri,0,0,4,4,18,NA,NA,FALSE,TRUE
9,Montreal,Canadian Grand Prix,Ester,Schumacher,Haas,6,0,0,6,19,4,-4,FALSE,FALSE
9,Montreal,Canadian Grand Prix,Ester,Albon,Williams,9,0,0,9,13,1,-1,FALSE,FALSE
9,Montreal,Canadian Grand Prix,Ester,Russell,Mercedes,10,10,0,20,4,0,0,TRUE,FALSE
9,Montreal,Canadian Grand Prix,Ester,Sainz,Ferrari,9,0,0,9,2,1,1,FALSE,FALSE
9,Montreal,Canadian Grand Prix,Ester,Ocon,Alpine,0,0,1,1,6,NA,NA,FALSE,TRUE
9,Montreal,Canadian Grand Prix,Matthias,Schumacher,Haas,6,0,0,6,19,4,-4,FALSE,FALSE
9,Montreal,Canadian Grand Prix,Matthias,Albon,Williams,7,0,0,7,13,3,3,FALSE,FALSE
9,Montreal,Canadian Grand Prix,Matthias,Russell,Mercedes,10,10,0,20,4,0,0,TRUE,FALSE
9,Montreal,Canadian Grand Prix,Matthias,Sainz,Ferrari,9,0,0,9,2,1,1,FALSE,FALSE
9,Montreal,Canadian Grand Prix,Matthias,Leclerc,Ferrari,0,0,10,10,5,NA,NA,FALSE,TRUE
9,Montreal,Canadian Grand Prix,Robbert,Schumacher,Haas,6,0,0,6,19,4,-4,FALSE,FALSE
9,Montreal,Canadian Grand Prix,Robbert,Albon,Williams,9,0,0,9,13,1,-1,FALSE,FALSE
9,Montreal,Canadian Grand Prix,Robbert,Russell,Mercedes,9,9,0,18,4,1,1,TRUE,FALSE
9,Montreal,Canadian Grand Prix,Robbert,Sainz,Ferrari,9,0,0,9,2,1,1,FALSE,FALSE
9,Montreal,Canadian Grand Prix,Robbert,Hamilton,Mercedes,0,0,2,2,3,NA,NA,FALSE,TRUE
9,Montreal,Canadian Grand Prix,Ines,Schumacher,Haas,7,0,0,7,19,3,-3,FALSE,FALSE
9,Montreal,Canadian Grand Prix,Ines,Albon,Williams,9,0,0,9,13,1,1,FALSE,FALSE
9,Montreal,Canadian Grand Prix,Ines,Russell,Mercedes,9,9,0,18,4,1,-1,TRUE,FALSE
9,Montreal,Canadian Grand Prix,Ines,Sainz,Ferrari,9,0,0,9,2,1,1,FALSE,FALSE
9,Montreal,Canadian Grand Prix,Ines,Leclerc,Ferrari,0,0,10,10,5,NA,NA,FALSE,TRUE
9,Montreal,Canadian Grand Prix,Mattijs,Schumacher,Haas,10,10,0,20,19,0,0,TRUE,FALSE
9,Montreal,Canadian Grand Prix,Mattijs,Albon,Williams,7,0,0,7,13,3,3,FALSE,FALSE
9,Montreal,Canadian Grand Prix,Mattijs,Russell,Mercedes,9,0,0,9,4,1,1,FALSE,FALSE
9,Montreal,Canadian Grand Prix,Mattijs,Sainz,Ferrari,8,0,0,8,2,2,2,FALSE,FALSE
9,Montreal,Canadian Grand Prix,Mattijs,Leclerc,Ferrari,0,0,10,10,5,NA,NA,FALSE,TRUE
9,Montreal,Canadian Grand Prix,Eva,Schumacher,Haas,10,0,0,10,19,0,0,FALSE,FALSE
9,Montreal,Canadian Grand Prix,Eva,Albon,Williams,7,0,0,7,13,3,3,FALSE,FALSE
9,Montreal,Canadian Grand Prix,Eva,Russell,Mercedes,9,0,0,9,4,1,1,FALSE,FALSE
9,Montreal,Canadian Grand Prix,Eva,Sainz,Ferrari,7,7,0,14,2,3,3,TRUE,FALSE
9,Montreal,Canadian Grand Prix,Eva,Gasly,AlphaTauri,0,0,0,0,14,NA,NA,FALSE,TRUE
10,Silverstone,British Grand Prix,Dylan,Hamilton,Mercedes,7,7,0,14,3,3,3,TRUE,FALSE
10,Silverstone,British Grand Prix,Dylan,Alonso,Alpine,7,0,0,7,5,3,3,FALSE,FALSE
10,Silverstone,British Grand Prix,Dylan,Ocon,Alpine,7,0,0,7,15,3,-3,FALSE,FALSE
10,Silverstone,British Grand Prix,Dylan,Zhou,Alfa Romeo,6,0,0,6,19,4,-4,FALSE,FALSE
10,Silverstone,British Grand Prix,Dylan,Albon,Williams,0,0,0,0,20,NA,NA,FALSE,TRUE
10,Silverstone,British Grand Prix,Bram,Hamilton,Mercedes,0,0,0,0,3,13,13,FALSE,FALSE
10,Silverstone,British Grand Prix,Bram,Alonso,Alpine,1,0,0,1,5,9,9,FALSE,FALSE
10,Silverstone,British Grand Prix,Bram,Ocon,Alpine,10,0,0,10,15,0,0,FALSE,FALSE
10,Silverstone,British Grand Prix,Bram,Zhou,Alfa Romeo,3,3,0,6,19,7,-7,TRUE,FALSE
10,Silverstone,British Grand Prix,Bram,Ocon,Alpine,0,0,0,0,15,NA,NA,FALSE,TRUE
10,Silverstone,British Grand Prix,Matthias,Hamilton,Mercedes,7,7,0,14,3,3,3,TRUE,FALSE
10,Silverstone,British Grand Prix,Matthias,Alonso,Alpine,7,0,0,7,5,3,3,FALSE,FALSE
10,Silverstone,British Grand Prix,Matthias,Ocon,Alpine,4,0,0,4,15,6,-6,FALSE,FALSE
10,Silverstone,British Grand Prix,Matthias,Zhou,Alfa Romeo,6,0,0,6,19,4,-4,FALSE,FALSE
10,Silverstone,British Grand Prix,Matthias,Russell,Mercedes,0,0,0,0,18,NA,NA,FALSE,TRUE
10,Silverstone,British Grand Prix,Ines,Hamilton,Mercedes,9,9,0,18,3,1,1,TRUE,FALSE
10,Silverstone,British Grand Prix,Ines,Alonso,Alpine,6,0,0,6,5,4,4,FALSE,FALSE
10,Silverstone,British Grand Prix,Ines,Ocon,Alpine,5,0,0,5,15,5,-5,FALSE,FALSE
10,Silverstone,British Grand Prix,Ines,Zhou,Alfa Romeo,5,0,0,5,19,5,-5,FALSE,FALSE
10,Silverstone,British Grand Prix,Ines,Vettel,Aston Martin,0,0,9,9,9,NA,NA,FALSE,TRUE
10,Silverstone,British Grand Prix,Filip,Hamilton,Mercedes,8,8,0,16,3,2,2,TRUE,FALSE
10,Silverstone,British Grand Prix,Filip,Alonso,Alpine,8,0,0,8,5,2,2,FALSE,FALSE
10,Silverstone,British Grand Prix,Filip,Ocon,Alpine,5,0,0,5,15,5,-5,FALSE,FALSE
10,Silverstone,British Grand Prix,Filip,Zhou,Alfa Romeo,3,0,0,3,19,7,-7,FALSE,FALSE
10,Silverstone,British Grand Prix,Filip,Stroll,Aston Martin,0,0,8,8,11,NA,NA,FALSE,TRUE
10,Silverstone,British Grand Prix,Mattijs,Hamilton,Mercedes,10,10,0,20,3,0,0,TRUE,FALSE
10,Silverstone,British Grand Prix,Mattijs,Alonso,Alpine,10,0,0,10,5,0,0,FALSE,FALSE
10,Silverstone,British Grand Prix,Mattijs,Ocon,Alpine,2,0,0,2,15,8,-8,FALSE,FALSE
10,Silverstone,British Grand Prix,Mattijs,Zhou,Alfa Romeo,4,0,0,4,19,6,-6,FALSE,FALSE
10,Silverstone,British Grand Prix,Mattijs,Vettel,Aston Martin,0,0,9,9,9,NA,NA,FALSE,TRUE
10,Silverstone,British Grand Prix,Robbert,Hamilton,Mercedes,8,8,0,16,3,2,2,TRUE,FALSE
10,Silverstone,British Grand Prix,Robbert,Alonso,Alpine,4,0,0,4,5,6,6,FALSE,FALSE
10,Silverstone,British Grand Prix,Robbert,Ocon,Alpine,5,0,0,5,15,5,-5,FALSE,FALSE
10,Silverstone,British Grand Prix,Robbert,Zhou,Alfa Romeo,0,0,0,0,19,10,-10,FALSE,FALSE
10,Silverstone,British Grand Prix,Robbert,Tsunoda,AlphaTauri,0,0,0,0,14,NA,NA,FALSE,TRUE
10,Silverstone,British Grand Prix,Ester,Hamilton,Mercedes,8,0,0,8,3,2,2,FALSE,FALSE
10,Silverstone,British Grand Prix,Ester,Alonso,Alpine,5,0,0,5,5,5,5,FALSE,FALSE
10,Silverstone,British Grand Prix,Ester,Ocon,Alpine,4,4,0,8,15,6,-6,TRUE,FALSE
10,Silverstone,British Grand Prix,Ester,Zhou,Alfa Romeo,3,0,0,3,19,7,-7,FALSE,FALSE
10,Silverstone,British Grand Prix,Ester,Albon,Williams,0,0,0,0,20,NA,NA,FALSE,TRUE
10,Silverstone,British Grand Prix,Eva,Hamilton,Mercedes,10,10,0,20,3,0,0,TRUE,FALSE
10,Silverstone,British Grand Prix,Eva,Alonso,Alpine,4,0,0,4,5,6,6,FALSE,FALSE
10,Silverstone,British Grand Prix,Eva,Ocon,Alpine,9,0,0,9,15,1,1,FALSE,FALSE
10,Silverstone,British Grand Prix,Eva,Zhou,Alfa Romeo,5,0,0,5,19,5,-5,FALSE,FALSE
10,Silverstone,British Grand Prix,Eva,Perez,Red Bull,0,0,6,6,2,NA,NA,FALSE,TRUE
11,Spielberg,Austrian Grand Prix,Bram,Magnussen,Haas,0,0,0,0,8,10,10,FALSE,FALSE
11,Spielberg,Austrian Grand Prix,Bram,Alonso,Alpine,4,0,0,4,10,6,6,FALSE,FALSE
11,Spielberg,Austrian Grand Prix,Bram,Stroll,Aston Martin,10,10,0,20,13,0,0,TRUE,FALSE
11,Spielberg,Austrian Grand Prix,Bram,Schumacher,Haas,5,0,0,5,6,5,5,FALSE,FALSE
11,Spielberg,Austrian Grand Prix,Bram,Magnussen,Haas,0,0,0,0,8,NA,NA,FALSE,TRUE
11,Spielberg,Austrian Grand Prix,Eva,Magnussen,Haas,7,0,0,7,8,3,3,FALSE,FALSE
11,Spielberg,Austrian Grand Prix,Eva,Alonso,Alpine,9,9,0,18,10,1,-1,TRUE,FALSE
11,Spielberg,Austrian Grand Prix,Eva,Stroll,Aston Martin,10,0,0,10,13,0,0,FALSE,FALSE
11,Spielberg,Austrian Grand Prix,Eva,Schumacher,Haas,0,0,0,0,6,12,12,FALSE,FALSE
11,Spielberg,Austrian Grand Prix,Eva,Vettel,Aston Martin,0,0,1,1,17,NA,NA,FALSE,TRUE
11,Spielberg,Austrian Grand Prix,Dylan,Magnussen,Haas,6,0,0,6,8,4,4,FALSE,FALSE
11,Spielberg,Austrian Grand Prix,Dylan,Alonso,Alpine,9,0,0,9,10,1,1,FALSE,FALSE
11,Spielberg,Austrian Grand Prix,Dylan,Stroll,Aston Martin,10,0,0,10,13,0,0,FALSE,FALSE
11,Spielberg,Austrian Grand Prix,Dylan,Schumacher,Haas,0,0,0,0,6,12,12,TRUE,FALSE
11,Spielberg,Austrian Grand Prix,Dylan,Albon,Williams,0,0,5,5,12,NA,NA,FALSE,TRUE
11,Spielberg,Austrian Grand Prix,Robbert,Magnussen,Haas,8,0,0,8,8,2,2,FALSE,FALSE
11,Spielberg,Austrian Grand Prix,Robbert,Alonso,Alpine,8,0,0,8,10,2,-2,FALSE,FALSE
11,Spielberg,Austrian Grand Prix,Robbert,Stroll,Aston Martin,7,0,0,7,13,3,-3,FALSE,FALSE
11,Spielberg,Austrian Grand Prix,Robbert,Schumacher,Haas,7,7,0,14,6,3,3,TRUE,FALSE
11,Spielberg,Austrian Grand Prix,Robbert,Norris,McLaren,0,0,6,6,7,NA,NA,FALSE,TRUE
11,Spielberg,Austrian Grand Prix,Filip,Magnussen,Haas,5,0,0,5,8,5,5,FALSE,FALSE
11,Spielberg,Austrian Grand Prix,Filip,Alonso,Alpine,7,7,0,14,10,3,-3,TRUE,FALSE
11,Spielberg,Austrian Grand Prix,Filip,Stroll,Aston Martin,8,0,0,8,13,2,-2,FALSE,FALSE
11,Spielberg,Austrian Grand Prix,Filip,Schumacher,Haas,4,0,0,4,6,6,6,FALSE,FALSE
11,Spielberg,Austrian Grand Prix,Filip,Bottas,Alfa Romeo,0,0,9,9,11,NA,NA,FALSE,TRUE
11,Spielberg,Austrian Grand Prix,Ester,Magnussen,Haas,7,0,0,7,8,3,3,FALSE,FALSE
11,Spielberg,Austrian Grand Prix,Ester,Alonso,Alpine,9,0,0,9,10,1,-1,FALSE,FALSE
11,Spielberg,Austrian Grand Prix,Ester,Stroll,Aston Martin,9,9,0,18,13,1,-1,TRUE,FALSE
11,Spielberg,Austrian Grand Prix,Ester,Schumacher,Haas,3,0,0,3,6,7,7,FALSE,FALSE
11,Spielberg,Austrian Grand Prix,Ester,Albon,Williams,0,0,5,5,12,NA,NA,FALSE,TRUE
11,Spielberg,Austrian Grand Prix,Matthias,Magnussen,Haas,7,0,0,7,8,3,3,FALSE,FALSE
11,Spielberg,Austrian Grand Prix,Matthias,Alonso,Alpine,8,0,0,8,10,2,-2,FALSE,FALSE
11,Spielberg,Austrian Grand Prix,Matthias,Stroll,Aston Martin,9,0,0,9,13,1,1,FALSE,FALSE
11,Spielberg,Austrian Grand Prix,Matthias,Schumacher,Haas,0,0,0,0,6,10,10,TRUE,FALSE
11,Spielberg,Austrian Grand Prix,Matthias,Norris,McLaren,0,0,6,6,7,NA,NA,FALSE,TRUE
11,Spielberg,Austrian Grand Prix,Ines,Magnussen,Haas,4,0,0,4,8,6,6,FALSE,FALSE
11,Spielberg,Austrian Grand Prix,Ines,Alonso,Alpine,8,0,0,8,10,2,-2,FALSE,FALSE
11,Spielberg,Austrian Grand Prix,Ines,Stroll,Aston Martin,10,0,0,10,13,0,0,FALSE,FALSE
11,Spielberg,Austrian Grand Prix,Ines,Schumacher,Haas,0,0,0,0,6,10,10,TRUE,FALSE
11,Spielberg,Austrian Grand Prix,Ines,Norris,McLaren,0,0,6,6,7,NA,NA,FALSE,TRUE
11,Spielberg,Austrian Grand Prix,Mattijs,Magnussen,Haas,9,0,0,9,8,1,-1,FALSE,FALSE
11,Spielberg,Austrian Grand Prix,Mattijs,Alonso,Alpine,6,6,0,12,10,4,-4,TRUE,FALSE
11,Spielberg,Austrian Grand Prix,Mattijs,Stroll,Aston Martin,8,0,0,8,13,2,2,FALSE,FALSE
11,Spielberg,Austrian Grand Prix,Mattijs,Schumacher,Haas,8,0,0,8,6,2,2,FALSE,FALSE
11,Spielberg,Austrian Grand Prix,Mattijs,Bottas,Alfa Romeo,0,0,9,9,11,NA,NA,FALSE,TRUE
12,Le Castellet,French Grand Prix,Bram,Norris,McLaren,9,0,0,9,7,1,-1,FALSE,FALSE
12,Le Castellet,French Grand Prix,Bram,Bottas,Alfa Romeo,1,0,0,1,14,9,-9,FALSE,FALSE
12,Le Castellet,French Grand Prix,Bram,Zhou,Alfa Romeo,6,0,0,6,16,4,-4,FALSE,FALSE
12,Le Castellet,French Grand Prix,Bram,Hamilton,Mercedes,9,9,0,18,2,1,-1,TRUE,FALSE
12,Le Castellet,French Grand Prix,Bram,Ocon,Alpine,0,0,6,6,8,NA,NA,FALSE,TRUE
12,Le Castellet,French Grand Prix,Dylan,Norris,McLaren,9,9,0,18,7,1,-1,TRUE,FALSE
12,Le Castellet,French Grand Prix,Dylan,Bottas,Alfa Romeo,5,0,0,5,14,5,-5,FALSE,FALSE
12,Le Castellet,French Grand Prix,Dylan,Zhou,Alfa Romeo,7,0,0,7,16,3,-3,FALSE,FALSE
12,Le Castellet,French Grand Prix,Dylan,Hamilton,Mercedes,7,0,0,7,2,3,3,FALSE,FALSE
12,Le Castellet,French Grand Prix,Dylan,Albon,Williams,0,0,0,0,13,NA,NA,FALSE,TRUE
12,Le Castellet,French Grand Prix,Matthias,Norris,McLaren,9,0,0,9,7,1,-1,FALSE,FALSE
12,Le Castellet,French Grand Prix,Matthias,Bottas,Alfa Romeo,7,0,0,7,14,3,-3,FALSE,FALSE
12,Le Castellet,French Grand Prix,Matthias,Zhou,Alfa Romeo,8,0,0,8,16,2,-2,FALSE,FALSE
12,Le Castellet,French Grand Prix,Matthias,Hamilton,Mercedes,8,8,0,16,2,2,2,TRUE,FALSE
12,Le Castellet,French Grand Prix,Matthias,Sainz,Ferrari,0,0,10,10,5,NA,NA,FALSE,TRUE
12,Le Castellet,French Grand Prix,Ines,Norris,McLaren,10,0,0,10,7,0,0,FALSE,FALSE
12,Le Castellet,French Grand Prix,Ines,Bottas,Alfa Romeo,6,0,0,6,14,4,-4,FALSE,FALSE
12,Le Castellet,French Grand Prix,Ines,Zhou,Alfa Romeo,8,0,0,8,16,2,-2,FALSE,FALSE
12,Le Castellet,French Grand Prix,Ines,Hamilton,Mercedes,9,9,0,18,2,1,1,TRUE,FALSE
12,Le Castellet,French Grand Prix,Ines,Sainz,Ferrari,0,0,10,10,5,NA,NA,FALSE,TRUE
12,Le Castellet,French Grand Prix,Filip,Norris,McLaren,8,0,0,8,7,2,2,FALSE,FALSE
12,Le Castellet,French Grand Prix,Filip,Bottas,Alfa Romeo,5,0,0,5,14,5,-5,FALSE,FALSE
12,Le Castellet,French Grand Prix,Filip,Zhou,Alfa Romeo,6,0,0,6,16,4,-4,FALSE,FALSE
12,Le Castellet,French Grand Prix,Filip,Hamilton,Mercedes,9,9,0,18,2,1,1,TRUE,FALSE
12,Le Castellet,French Grand Prix,Filip,Sainz,Ferrari,0,0,10,10,5,NA,NA,FALSE,TRUE
12,Le Castellet,French Grand Prix,Mattijs,Norris,McLaren,9,0,0,9,7,1,-1,FALSE,FALSE
12,Le Castellet,French Grand Prix,Mattijs,Bottas,Alfa Romeo,6,0,0,6,14,4,-4,FALSE,FALSE
12,Le Castellet,French Grand Prix,Mattijs,Zhou,Alfa Romeo,8,0,0,8,16,2,-2,FALSE,FALSE
12,Le Castellet,French Grand Prix,Mattijs,Hamilton,Mercedes,7,7,0,14,2,3,3,TRUE,FALSE
12,Le Castellet,French Grand Prix,Mattijs,Sainz,Ferrari,0,0,10,10,5,NA,NA,FALSE,TRUE
12,Le Castellet,French Grand Prix,Eva,Norris,McLaren,9,0,0,9,7,1,1,FALSE,FALSE
12,Le Castellet,French Grand Prix,Eva,Bottas,Alfa Romeo,2,2,0,4,14,8,-8,TRUE,FALSE
12,Le Castellet,French Grand Prix,Eva,Zhou,Alfa Romeo,5,0,0,5,16,5,-5,FALSE,FALSE
12,Le Castellet,French Grand Prix,Eva,Hamilton,Mercedes,8,0,0,8,2,2,2,FALSE,FALSE
12,Le Castellet,French Grand Prix,Eva,Sainz,Ferrari,0,0,10,10,5,NA,NA,FALSE,TRUE
12,Le Castellet,French Grand Prix,Ester,Norris,McLaren,10,0,0,10,7,0,0,FALSE,FALSE
12,Le Castellet,French Grand Prix,Ester,Bottas,Alfa Romeo,5,0,0,5,14,5,-5,FALSE,FALSE
12,Le Castellet,French Grand Prix,Ester,Zhou,Alfa Romeo,7,0,0,7,16,3,-3,FALSE,FALSE
12,Le Castellet,French Grand Prix,Ester,Hamilton,Mercedes,8,8,0,16,2,2,2,TRUE,FALSE
12,Le Castellet,French Grand Prix,Ester,Sainz,Ferrari,0,0,10,10,5,NA,NA,FALSE,TRUE
12,Le Castellet,French Grand Prix,Robbert,Norris,McLaren,9,0,0,9,7,1,-1,FALSE,FALSE
12,Le Castellet,French Grand Prix,Robbert,Bottas,Alfa Romeo,7,0,0,7,14,3,-3,FALSE,FALSE
12,Le Castellet,French Grand Prix,Robbert,Zhou,Alfa Romeo,8,0,0,8,16,2,-2,FALSE,FALSE
12,Le Castellet,French Grand Prix,Robbert,Hamilton,Mercedes,9,9,0,18,2,1,1,TRUE,FALSE
12,Le Castellet,French Grand Prix,Robbert,Norris,McLaren,0,0,0,0,7,NA,NA,FALSE,TRUE
13,Budapest,Hungarian Grand Prix,Bram,Verstappen,Red Bull,0,0,0,0,1,19,19,TRUE,FALSE
13,Budapest,Hungarian Grand Prix,Bram,Ocon,Alpine,3,0,0,3,9,7,7,FALSE,FALSE
13,Budapest,Hungarian Grand Prix,Bram,Gasly,AlphaTauri,6,0,0,6,12,4,-4,FALSE,FALSE
13,Budapest,Hungarian Grand Prix,Bram,Sainz,Ferrari,10,0,0,10,4,0,0,FALSE,FALSE
13,Budapest,Hungarian Grand Prix,Bram,Tsunoda,AlphaTauri,0,0,0,0,19,NA,NA,FALSE,TRUE
13,Budapest,Hungarian Grand Prix,Dylan,Verstappen,Red Bull,9,9,0,18,1,1,1,TRUE,FALSE
13,Budapest,Hungarian Grand Prix,Dylan,Ocon,Alpine,10,0,0,10,9,0,0,FALSE,FALSE
13,Budapest,Hungarian Grand Prix,Dylan,Gasly,AlphaTauri,6,0,0,6,12,4,-4,FALSE,FALSE
13,Budapest,Hungarian Grand Prix,Dylan,Sainz,Ferrari,9,0,0,9,4,1,-1,FALSE,FALSE
13,Budapest,Hungarian Grand Prix,Dylan,Albon,Williams,0,0,2,2,17,NA,NA,FALSE,TRUE
13,Budapest,Hungarian Grand Prix,Eva,Verstappen,Red Bull,10,10,0,20,1,0,0,TRUE,FALSE
13,Budapest,Hungarian Grand Prix,Eva,Ocon,Alpine,6,0,0,6,9,4,4,FALSE,FALSE
13,Budapest,Hungarian Grand Prix,Eva,Gasly,AlphaTauri,8,0,0,8,12,2,2,FALSE,FALSE
13,Budapest,Hungarian Grand Prix,Eva,Sainz,Ferrari,9,0,0,9,4,1,1,FALSE,FALSE
13,Budapest,Hungarian Grand Prix,Eva,Norris,McLaren,0,0,0,0,7,NA,NA,FALSE,TRUE
13,Budapest,Hungarian Grand Prix,Filip,Verstappen,Red Bull,8,8,0,16,1,2,2,TRUE,FALSE
13,Budapest,Hungarian Grand Prix,Filip,Ocon,Alpine,8,0,0,8,9,2,-2,FALSE,FALSE
13,Budapest,Hungarian Grand Prix,Filip,Gasly,AlphaTauri,9,0,0,9,12,1,1,FALSE,FALSE
13,Budapest,Hungarian Grand Prix,Filip,Sainz,Ferrari,9,0,0,9,4,1,-1,FALSE,FALSE
13,Budapest,Hungarian Grand Prix,Filip,Stroll,Aston Martin,0,0,5,5,11,NA,NA,FALSE,TRUE
13,Budapest,Hungarian Grand Prix,Mattijs,Verstappen,Red Bull,9,9,0,18,1,1,1,TRUE,FALSE
13,Budapest,Hungarian Grand Prix,Mattijs,Ocon,Alpine,9,0,0,9,9,1,-1,FALSE,FALSE
13,Budapest,Hungarian Grand Prix,Mattijs,Gasly,AlphaTauri,7,0,0,7,12,3,3,FALSE,FALSE
13,Budapest,Hungarian Grand Prix,Mattijs,Sainz,Ferrari,9,0,0,9,4,1,-1,FALSE,FALSE
13,Budapest,Hungarian Grand Prix,Mattijs,Vettel,Aston Martin,0,0,9,9,10,NA,NA,FALSE,TRUE
13,Budapest,Hungarian Grand Prix,Ines,Verstappen,Red Bull,9,9,0,18,1,1,1,TRUE,FALSE
13,Budapest,Hungarian Grand Prix,Ines,Ocon,Alpine,9,0,0,9,9,1,-1,FALSE,FALSE
13,Budapest,Hungarian Grand Prix,Ines,Gasly,AlphaTauri,9,0,0,9,12,1,1,FALSE,FALSE
13,Budapest,Hungarian Grand Prix,Ines,Sainz,Ferrari,9,0,0,9,4,1,-1,FALSE,FALSE
13,Budapest,Hungarian Grand Prix,Ines,Alonso,Alpine,0,0,0,0,8,NA,NA,FALSE,TRUE
13,Budapest,Hungarian Grand Prix,Matthias,Verstappen,Red Bull,9,9,0,18,1,1,1,TRUE,FALSE
13,Budapest,Hungarian Grand Prix,Matthias,Ocon,Alpine,9,0,0,9,9,1,-1,FALSE,FALSE
13,Budapest,Hungarian Grand Prix,Matthias,Gasly,AlphaTauri,8,0,0,8,12,2,2,FALSE,FALSE
13,Budapest,Hungarian Grand Prix,Matthias,Sainz,Ferrari,9,0,0,9,4,1,-1,FALSE,FALSE
13,Budapest,Hungarian Grand Prix,Matthias,Russell,Mercedes,0,0,0,0,3,NA,NA,FALSE,TRUE
13,Budapest,Hungarian Grand Prix,Ester,Verstappen,Red Bull,9,0,0,9,1,1,1,FALSE,FALSE
13,Budapest,Hungarian Grand Prix,Ester,Ocon,Alpine,9,0,0,9,9,1,-1,FALSE,FALSE
13,Budapest,Hungarian Grand Prix,Ester,Gasly,AlphaTauri,9,0,0,9,12,1,-1,FALSE,FALSE
13,Budapest,Hungarian Grand Prix,Ester,Sainz,Ferrari,9,9,0,18,4,1,-1,TRUE,FALSE
13,Budapest,Hungarian Grand Prix,Ester,Alonso,Alpine,0,0,0,0,8,NA,NA,FALSE,TRUE
13,Budapest,Hungarian Grand Prix,Robbert,Verstappen,Red Bull,9,9,0,18,1,1,1,TRUE,FALSE
13,Budapest,Hungarian Grand Prix,Robbert,Ocon,Alpine,10,0,0,10,9,0,0,FALSE,FALSE
13,Budapest,Hungarian Grand Prix,Robbert,Gasly,AlphaTauri,10,0,0,10,12,0,0,FALSE,FALSE
13,Budapest,Hungarian Grand Prix,Robbert,Sainz,Ferrari,9,0,0,9,4,1,-1,FALSE,FALSE
13,Budapest,Hungarian Grand Prix,Robbert,Latifi,Williams,0,0,3,3,18,NA,NA,FALSE,TRUE
14,Spa,Belgian Grand Prix,Dylan,Tsunoda,AlphaTauri,9,0,0,9,13,1,1,FALSE,FALSE
14,Spa,Belgian Grand Prix,Dylan,Perez,Red Bull,9,9,0,18,2,1,1,TRUE,FALSE
14,Spa,Belgian Grand Prix,Dylan,Vettel,Aston Martin,9,0,0,9,8,1,1,FALSE,FALSE
14,Spa,Belgian Grand Prix,Dylan,Leclerc,Ferrari,6,0,0,6,6,4,-4,FALSE,FALSE
14,Spa,Belgian Grand Prix,Dylan,Vettel,Aston Martin,0,0,3,3,8,NA,NA,FALSE,TRUE
14,Spa,Belgian Grand Prix,Bram,Tsunoda,AlphaTauri,9,9,0,18,13,1,-1,TRUE,FALSE
14,Spa,Belgian Grand Prix,Bram,Perez,Red Bull,9,0,0,9,2,1,1,FALSE,FALSE
14,Spa,Belgian Grand Prix,Bram,Vettel,Aston Martin,10,0,0,10,8,0,0,FALSE,FALSE
14,Spa,Belgian Grand Prix,Bram,Leclerc,Ferrari,6,0,0,6,6,4,-4,FALSE,FALSE
14,Spa,Belgian Grand Prix,Bram,Ocon,Alpine,0,0,7,7,7,NA,NA,FALSE,TRUE
14,Spa,Belgian Grand Prix,Eva,Tsunoda,AlphaTauri,6,0,0,6,13,4,-4,FALSE,FALSE
14,Spa,Belgian Grand Prix,Eva,Perez,Red Bull,9,9,0,18,2,1,1,TRUE,FALSE
14,Spa,Belgian Grand Prix,Eva,Vettel,Aston Martin,7,0,0,7,8,3,3,FALSE,FALSE
14,Spa,Belgian Grand Prix,Eva,Leclerc,Ferrari,9,0,0,9,6,1,-1,FALSE,FALSE
14,Spa,Belgian Grand Prix,Eva,Verstappen,Red Bull,0,0,10,10,1,NA,NA,FALSE,TRUE
14,Spa,Belgian Grand Prix,Filip,Tsunoda,AlphaTauri,7,0,0,7,13,3,3,FALSE,FALSE
14,Spa,Belgian Grand Prix,Filip,Perez,Red Bull,10,10,0,20,2,0,0,TRUE,FALSE
14,Spa,Belgian Grand Prix,Filip,Vettel,Aston Martin,6,0,0,6,8,4,4,FALSE,FALSE
14,Spa,Belgian Grand Prix,Filip,Leclerc,Ferrari,9,0,0,9,6,1,-1,FALSE,FALSE
14,Spa,Belgian Grand Prix,Filip,Verstappen,Red Bull,0,0,10,10,1,NA,NA,FALSE,TRUE
14,Spa,Belgian Grand Prix,Matthias,Tsunoda,AlphaTauri,9,0,0,9,13,1,-1,FALSE,FALSE
14,Spa,Belgian Grand Prix,Matthias,Perez,Red Bull,9,9,0,18,2,1,1,TRUE,FALSE
14,Spa,Belgian Grand Prix,Matthias,Vettel,Aston Martin,7,0,0,7,8,3,3,FALSE,FALSE
14,Spa,Belgian Grand Prix,Matthias,Leclerc,Ferrari,7,0,0,7,6,3,-3,FALSE,FALSE
14,Spa,Belgian Grand Prix,Matthias,Verstappen,Red Bull,0,0,10,10,1,NA,NA,FALSE,TRUE
14,Spa,Belgian Grand Prix,Ines,Tsunoda,AlphaTauri,9,0,0,9,13,1,-1,FALSE,FALSE
14,Spa,Belgian Grand Prix,Ines,Perez,Red Bull,8,8,0,16,2,2,2,TRUE,FALSE
14,Spa,Belgian Grand Prix,Ines,Vettel,Aston Martin,5,0,0,5,8,5,5,FALSE,FALSE
14,Spa,Belgian Grand Prix,Ines,Leclerc,Ferrari,9,0,0,9,6,1,-1,FALSE,FALSE
14,Spa,Belgian Grand Prix,Ines,Verstappen,Red Bull,0,0,10,10,1,NA,NA,FALSE,TRUE
14,Spa,Belgian Grand Prix,Mattijs,Tsunoda,AlphaTauri,7,0,0,7,13,3,3,FALSE,FALSE
14,Spa,Belgian Grand Prix,Mattijs,Perez,Red Bull,9,9,0,18,2,1,1,TRUE,FALSE
14,Spa,Belgian Grand Prix,Mattijs,Vettel,Aston Martin,5,0,0,5,8,5,5,FALSE,FALSE
14,Spa,Belgian Grand Prix,Mattijs,Leclerc,Ferrari,9,0,0,9,6,1,-1,FALSE,FALSE
14,Spa,Belgian Grand Prix,Mattijs,Verstappen,Red Bull,0,0,10,10,1,NA,NA,FALSE,TRUE
14,Spa,Belgian Grand Prix,Robbert,Tsunoda,AlphaTauri,7,0,0,7,13,3,-3,FALSE,FALSE
14,Spa,Belgian Grand Prix,Robbert,Perez,Red Bull,10,10,0,20,2,0,0,TRUE,FALSE
14,Spa,Belgian Grand Prix,Robbert,Vettel,Aston Martin,3,0,0,3,8,7,7,FALSE,FALSE
14,Spa,Belgian Grand Prix,Robbert,Leclerc,Ferrari,8,0,0,8,6,2,-2,FALSE,FALSE
14,Spa,Belgian Grand Prix,Robbert,Verstappen,Red Bull,0,0,10,10,1,NA,NA,FALSE,TRUE
14,Spa,Belgian Grand Prix,Ester,Tsunoda,AlphaTauri,10,0,0,10,13,0,0,FALSE,FALSE
14,Spa,Belgian Grand Prix,Ester,Perez,Red Bull,9,9,0,18,2,1,1,TRUE,FALSE
14,Spa,Belgian Grand Prix,Ester,Vettel,Aston Martin,7,0,0,7,8,3,3,FALSE,FALSE
14,Spa,Belgian Grand Prix,Ester,Leclerc,Ferrari,8,0,0,8,6,2,-2,FALSE,FALSE
14,Spa,Belgian Grand Prix,Ester,Verstappen,Red Bull,0,0,10,10,1,NA,NA,FALSE,TRUE
15,Zandvoort,Dutch Grand Prix,Bram,Russell,Mercedes,4,4,0,8,2,6,6,TRUE,FALSE
15,Zandvoort,Dutch Grand Prix,Bram,Ricciardo,McLaren,0,0,0,0,17,12,-12,FALSE,FALSE
15,Zandvoort,Dutch Grand Prix,Bram,Latifi,Williams,2,0,0,2,18,8,-8,FALSE,FALSE
15,Zandvoort,Dutch Grand Prix,Bram,Albon,Williams,5,0,0,5,12,5,5,FALSE,FALSE
15,Zandvoort,Dutch Grand Prix,Bram,Ocon,Alpine,0,0,7,7,9,NA,NA,FALSE,TRUE
15,Zandvoort,Dutch Grand Prix,Eva,Russell,Mercedes,6,6,0,12,2,4,4,TRUE,FALSE
15,Zandvoort,Dutch Grand Prix,Eva,Ricciardo,McLaren,4,0,0,4,17,6,-6,FALSE,FALSE
15,Zandvoort,Dutch Grand Prix,Eva,Latifi,Williams,7,0,0,7,18,3,-3,FALSE,FALSE
15,Zandvoort,Dutch Grand Prix,Eva,Albon,Williams,7,0,0,7,12,3,3,FALSE,FALSE
15,Zandvoort,Dutch Grand Prix,Eva,Ocon,Alpine,0,0,7,7,9,NA,NA,FALSE,TRUE
15,Zandvoort,Dutch Grand Prix,Matthias,Russell,Mercedes,8,8,0,16,2,2,2,TRUE,FALSE
15,Zandvoort,Dutch Grand Prix,Matthias,Ricciardo,McLaren,5,0,0,5,17,5,-5,FALSE,FALSE
15,Zandvoort,Dutch Grand Prix,Matthias,Latifi,Williams,8,0,0,8,18,2,-2,FALSE,FALSE
15,Zandvoort,Dutch Grand Prix,Matthias,Albon,Williams,8,0,0,8,12,2,2,FALSE,FALSE
15,Zandvoort,Dutch Grand Prix,Matthias,Vettel,Aston Martin,0,0,9,9,14,NA,NA,FALSE,TRUE
15,Zandvoort,Dutch Grand Prix,Ines,Russell,Mercedes,8,8,0,16,2,2,2,TRUE,FALSE
15,Zandvoort,Dutch Grand Prix,Ines,Ricciardo,McLaren,5,0,0,5,17,5,-5,FALSE,FALSE
15,Zandvoort,Dutch Grand Prix,Ines,Latifi,Williams,8,0,0,8,18,2,-2,FALSE,FALSE
15,Zandvoort,Dutch Grand Prix,Ines,Albon,Williams,9,0,0,9,12,1,1,FALSE,FALSE
15,Zandvoort,Dutch Grand Prix,Ines,Vettel,Aston Martin,0,0,9,9,14,NA,NA,FALSE,TRUE
15,Zandvoort,Dutch Grand Prix,Mattijs,Russell,Mercedes,8,0,0,8,2,2,2,FALSE,FALSE
15,Zandvoort,Dutch Grand Prix,Mattijs,Ricciardo,McLaren,4,0,0,4,17,6,-6,FALSE,FALSE
15,Zandvoort,Dutch Grand Prix,Mattijs,Latifi,Williams,10,10,0,20,18,0,0,TRUE,FALSE
15,Zandvoort,Dutch Grand Prix,Mattijs,Albon,Williams,9,0,0,9,12,1,1,FALSE,FALSE
15,Zandvoort,Dutch Grand Prix,Mattijs,Vettel,Aston Martin,0,0,9,9,14,NA,NA,FALSE,TRUE
15,Zandvoort,Dutch Grand Prix,Ester,Russell,Mercedes,8,8,0,16,2,2,2,TRUE,FALSE
15,Zandvoort,Dutch Grand Prix,Ester,Ricciardo,McLaren,5,0,0,5,17,5,-5,FALSE,FALSE
15,Zandvoort,Dutch Grand Prix,Ester,Latifi,Williams,8,0,0,8,18,2,-2,FALSE,FALSE
15,Zandvoort,Dutch Grand Prix,Ester,Albon,Williams,9,0,0,9,12,1,1,FALSE,FALSE
15,Zandvoort,Dutch Grand Prix,Ester,Vettel,Aston Martin,0,0,9,9,14,NA,NA,FALSE,TRUE
15,Zandvoort,Dutch Grand Prix,Filip,Russell,Mercedes,8,8,0,16,2,2,2,TRUE,FALSE
15,Zandvoort,Dutch Grand Prix,Filip,Ricciardo,McLaren,5,0,0,5,17,5,-5,FALSE,FALSE
15,Zandvoort,Dutch Grand Prix,Filip,Latifi,Williams,9,0,0,9,18,1,-1,FALSE,FALSE
15,Zandvoort,Dutch Grand Prix,Filip,Albon,Williams,8,0,0,8,12,2,2,FALSE,FALSE
15,Zandvoort,Dutch Grand Prix,Filip,Stroll,Aston Martin,0,0,0,0,10,NA,NA,FALSE,TRUE
15,Zandvoort,Dutch Grand Prix,Dylan,Russell,Mercedes,7,0,0,7,2,3,3,FALSE,FALSE
15,Zandvoort,Dutch Grand Prix,Dylan,Ricciardo,McLaren,3,0,0,3,17,7,-7,FALSE,FALSE
15,Zandvoort,Dutch Grand Prix,Dylan,Latifi,Williams,9,9,0,18,18,1,-1,TRUE,FALSE
15,Zandvoort,Dutch Grand Prix,Dylan,Albon,Williams,8,0,0,8,12,2,2,FALSE,FALSE
15,Zandvoort,Dutch Grand Prix,Dylan,Vettel,Aston Martin,0,0,9,9,14,NA,NA,FALSE,TRUE
15,Zandvoort,Dutch Grand Prix,Robbert,Russell,Mercedes,7,7,0,14,2,3,3,TRUE,FALSE
15,Zandvoort,Dutch Grand Prix,Robbert,Ricciardo,McLaren,8,0,0,8,17,2,-2,FALSE,FALSE
15,Zandvoort,Dutch Grand Prix,Robbert,Latifi,Williams,9,0,0,9,18,1,-1,FALSE,FALSE
15,Zandvoort,Dutch Grand Prix,Robbert,Albon,Williams,8,0,0,8,12,2,-2,FALSE,FALSE
15,Zandvoort,Dutch Grand Prix,Robbert,Hamilton,Mercedes,0,0,2,2,4,NA,NA,FALSE,TRUE
16,Monza,Italian Grand Prix,Bram,Tsunoda,AlphaTauri,10,0,0,10,14,0,0,FALSE,FALSE
16,Monza,Italian Grand Prix,Bram,Ricciardo,McLaren,0,0,0,0,17,11,-11,FALSE,FALSE
16,Monza,Italian Grand Prix,Bram,Perez,Red Bull,10,0,0,10,6,0,0,FALSE,FALSE
16,Monza,Italian Grand Prix,Bram,Hamilton,Mercedes,10,10,0,20,5,0,0,TRUE,FALSE
16,Monza,Italian Grand Prix,Bram,Ocon,Alpine,0,0,4,4,11,NA,NA,FALSE,TRUE
16,Monza,Italian Grand Prix,Eva,Tsunoda,AlphaTauri,8,0,0,8,14,2,2,FALSE,FALSE
16,Monza,Italian Grand Prix,Eva,Ricciardo,McLaren,9,0,0,9,17,1,-1,FALSE,FALSE
16,Monza,Italian Grand Prix,Eva,Perez,Red Bull,8,8,0,16,6,2,-2,TRUE,FALSE
16,Monza,Italian Grand Prix,Eva,Hamilton,Mercedes,9,0,0,9,5,1,1,FALSE,FALSE
16,Monza,Italian Grand Prix,Eva,Hamilton,Mercedes,0,0,9,9,5,NA,NA,FALSE,TRUE
16,Monza,Italian Grand Prix,Mattijs,Tsunoda,AlphaTauri,8,0,0,8,14,2,-2,FALSE,FALSE
16,Monza,Italian Grand Prix,Mattijs,Ricciardo,McLaren,1,0,0,1,17,9,-9,FALSE,FALSE
16,Monza,Italian Grand Prix,Mattijs,Perez,Red Bull,9,9,0,18,6,1,-1,TRUE,FALSE
16,Monza,Italian Grand Prix,Mattijs,Hamilton,Mercedes,9,0,0,9,5,1,1,FALSE,FALSE
16,Monza,Italian Grand Prix,Mattijs,Hamilton,Mercedes,0,0,9,9,5,NA,NA,FALSE,TRUE
16,Monza,Italian Grand Prix,Dylan,Tsunoda,AlphaTauri,7,0,0,7,14,3,3,FALSE,FALSE
16,Monza,Italian Grand Prix,Dylan,Ricciardo,McLaren,6,0,0,6,17,4,-4,FALSE,FALSE
16,Monza,Italian Grand Prix,Dylan,Perez,Red Bull,7,7,0,14,6,3,-3,TRUE,FALSE
16,Monza,Italian Grand Prix,Dylan,Hamilton,Mercedes,10,0,0,10,5,0,0,FALSE,FALSE
16,Monza,Italian Grand Prix,Dylan,Verstappen,Red Bull,0,0,7,7,1,NA,NA,FALSE,TRUE
16,Monza,Italian Grand Prix,Robbert,Tsunoda,AlphaTauri,9,0,0,9,14,1,-1,FALSE,FALSE
16,Monza,Italian Grand Prix,Robbert,Ricciardo,McLaren,7,0,0,7,17,3,-3,FALSE,FALSE
16,Monza,Italian Grand Prix,Robbert,Perez,Red Bull,9,0,0,9,6,1,-1,FALSE,FALSE
16,Monza,Italian Grand Prix,Robbert,Hamilton,Mercedes,8,8,0,16,5,2,-2,TRUE,FALSE
16,Monza,Italian Grand Prix,Robbert,Norris,McLaren,0,0,0,0,7,NA,NA,FALSE,TRUE
16,Monza,Italian Grand Prix,Ester,Tsunoda,AlphaTauri,7,0,0,7,14,3,3,FALSE,FALSE
16,Monza,Italian Grand Prix,Ester,Ricciardo,McLaren,5,5,0,10,17,5,-5,TRUE,FALSE
16,Monza,Italian Grand Prix,Ester,Perez,Red Bull,10,0,0,10,6,0,0,FALSE,FALSE
16,Monza,Italian Grand Prix,Ester,Hamilton,Mercedes,6,0,0,6,5,4,4,FALSE,FALSE
16,Monza,Italian Grand Prix,Ester,Vettel,Aston Martin,0,0,0,0,20,NA,NA,FALSE,TRUE
16,Monza,Italian Grand Prix,Filip,Tsunoda,AlphaTauri,8,8,0,16,14,2,2,TRUE,FALSE
16,Monza,Italian Grand Prix,Filip,Ricciardo,McLaren,6,0,0,6,17,4,-4,FALSE,FALSE
16,Monza,Italian Grand Prix,Filip,Perez,Red Bull,8,0,0,8,6,2,-2,FALSE,FALSE
16,Monza,Italian Grand Prix,Filip,Hamilton,Mercedes,9,0,0,9,5,1,1,FALSE,FALSE
16,Monza,Italian Grand Prix,Filip,Hamilton,Mercedes,0,0,9,9,5,NA,NA,FALSE,TRUE
16,Monza,Italian Grand Prix,Ines,Tsunoda,AlphaTauri,10,0,0,10,14,0,0,FALSE,FALSE
16,Monza,Italian Grand Prix,Ines,Ricciardo,McLaren,8,0,0,8,17,2,-2,FALSE,FALSE
16,Monza,Italian Grand Prix,Ines,Perez,Red Bull,10,0,0,10,6,0,0,FALSE,FALSE
16,Monza,Italian Grand Prix,Ines,Hamilton,Mercedes,9,9,0,18,5,1,-1,TRUE,FALSE
16,Monza,Italian Grand Prix,Ines,Verstappen,Red Bull,0,0,7,7,1,NA,NA,FALSE,TRUE
16,Monza,Italian Grand Prix,Matthias,Tsunoda,AlphaTauri,9,0,0,9,14,1,1,FALSE,FALSE
16,Monza,Italian Grand Prix,Matthias,Ricciardo,McLaren,9,0,0,9,17,1,-1,FALSE,FALSE
16,Monza,Italian Grand Prix,Matthias,Perez,Red Bull,8,0,0,8,6,2,-2,FALSE,FALSE
16,Monza,Italian Grand Prix,Matthias,Hamilton,Mercedes,10,10,0,20,5,0,0,TRUE,FALSE
16,Monza,Italian Grand Prix,Matthias,Verstappen,Red Bull,0,0,7,7,1,NA,NA,FALSE,TRUE
17,Marina Bay,Singapore Grand Prix,Bram,Leclerc,Ferrari,6,0,0,6,2,4,4,FALSE,FALSE
17,Marina Bay,Singapore Grand Prix,Bram,Alonso,Alpine,6,0,0,6,18,4,-4,FALSE,FALSE
17,Marina Bay,Singapore Grand Prix,Bram,Albon,Williams,10,10,0,20,17,0,0,TRUE,FALSE
17,Marina Bay,Singapore Grand Prix,Bram,Gasly,AlphaTauri,5,0,0,5,10,5,5,FALSE,FALSE
17,Marina Bay,Singapore Grand Prix,Bram,Ocon,Alpine,0,0,1,1,16,NA,NA,FALSE,TRUE
17,Marina Bay,Singapore Grand Prix,Dylan,Leclerc,Ferrari,10,10,0,20,2,0,0,TRUE,FALSE
17,Marina Bay,Singapore Grand Prix,Dylan,Alonso,Alpine,0,0,0,0,18,11,-11,FALSE,FALSE
17,Marina Bay,Singapore Grand Prix,Dylan,Albon,Williams,6,0,0,6,17,4,-4,FALSE,FALSE
17,Marina Bay,Singapore Grand Prix,Dylan,Gasly,AlphaTauri,8,0,0,8,10,2,-2,FALSE,FALSE
17,Marina Bay,Singapore Grand Prix,Dylan,Bottas,Alfa Romeo,0,0,6,6,11,NA,NA,FALSE,TRUE
17,Marina Bay,Singapore Grand Prix,Filip,Leclerc,Ferrari,9,0,0,9,2,1,1,FALSE,FALSE
17,Marina Bay,Singapore Grand Prix,Filip,Alonso,Alpine,0,0,0,0,18,11,-11,TRUE,FALSE
17,Marina Bay,Singapore Grand Prix,Filip,Albon,Williams,8,0,0,8,17,2,-2,FALSE,FALSE
17,Marina Bay,Singapore Grand Prix,Filip,Gasly,AlphaTauri,10,0,0,10,10,0,0,FALSE,FALSE
17,Marina Bay,Singapore Grand Prix,Filip,Stroll,Aston Martin,0,0,8,8,6,NA,NA,FALSE,TRUE
17,Marina Bay,Singapore Grand Prix,Mattijs,Leclerc,Ferrari,8,0,0,8,2,2,2,FALSE,FALSE
17,Marina Bay,Singapore Grand Prix,Mattijs,Alonso,Alpine,0,0,0,0,18,12,-12,TRUE,FALSE
17,Marina Bay,Singapore Grand Prix,Mattijs,Albon,Williams,5,0,0,5,17,5,-5,FALSE,FALSE
17,Marina Bay,Singapore Grand Prix,Mattijs,Gasly,AlphaTauri,7,0,0,7,10,3,3,FALSE,FALSE
17,Marina Bay,Singapore Grand Prix,Mattijs,Vettel,Aston Martin,0,0,7,7,8,NA,NA,FALSE,TRUE
17,Marina Bay,Singapore Grand Prix,Eva,Leclerc,Ferrari,9,9,0,18,2,1,1,TRUE,FALSE
17,Marina Bay,Singapore Grand Prix,Eva,Alonso,Alpine,0,0,0,0,18,12,-12,FALSE,FALSE
17,Marina Bay,Singapore Grand Prix,Eva,Albon,Williams,6,0,0,6,17,4,-4,FALSE,FALSE
17,Marina Bay,Singapore Grand Prix,Eva,Gasly,AlphaTauri,6,0,0,6,10,4,4,FALSE,FALSE
17,Marina Bay,Singapore Grand Prix,Eva,Alonso,Alpine,0,0,0,0,18,NA,NA,FALSE,TRUE
17,Marina Bay,Singapore Grand Prix,Robbert,Leclerc,Ferrari,9,9,0,18,2,1,-1,TRUE,FALSE
17,Marina Bay,Singapore Grand Prix,Robbert,Alonso,Alpine,0,0,0,0,18,13,-13,FALSE,FALSE
17,Marina Bay,Singapore Grand Prix,Robbert,Albon,Williams,7,0,0,7,17,3,-3,FALSE,FALSE
17,Marina Bay,Singapore Grand Prix,Robbert,Gasly,AlphaTauri,7,0,0,7,10,3,3,FALSE,FALSE
17,Marina Bay,Singapore Grand Prix,Robbert,Schumacher,Haas,0,0,0,0,13,NA,NA,FALSE,TRUE
17,Marina Bay,Singapore Grand Prix,Ines,Leclerc,Ferrari,8,0,0,8,2,2,2,FALSE,FALSE
17,Marina Bay,Singapore Grand Prix,Ines,Alonso,Alpine,0,0,0,0,18,10,-10,FALSE,FALSE
17,Marina Bay,Singapore Grand Prix,Ines,Albon,Williams,9,9,0,18,17,1,-1,TRUE,FALSE
17,Marina Bay,Singapore Grand Prix,Ines,Gasly,AlphaTauri,5,0,0,5,10,5,5,FALSE,FALSE
17,Marina Bay,Singapore Grand Prix,Ines,Hamilton,Mercedes,0,0,0,0,9,NA,NA,FALSE,TRUE
17,Marina Bay,Singapore Grand Prix,Matthias,Leclerc,Ferrari,9,0,0,9,2,1,1,FALSE,FALSE
17,Marina Bay,Singapore Grand Prix,Matthias,Alonso,Alpine,0,0,0,0,18,11,-11,FALSE,FALSE
17,Marina Bay,Singapore Grand Prix,Matthias,Albon,Williams,9,9,0,18,17,1,-1,TRUE,FALSE
17,Marina Bay,Singapore Grand Prix,Matthias,Gasly,AlphaTauri,6,0,0,6,10,4,4,FALSE,FALSE
17,Marina Bay,Singapore Grand Prix,Matthias,Vettel,Aston Martin,0,0,7,7,8,NA,NA,FALSE,TRUE
17,Marina Bay,Singapore Grand Prix,Ester,Leclerc,Ferrari,10,10,0,20,2,0,0,TRUE,FALSE
17,Marina Bay,Singapore Grand Prix,Ester,Alonso,Alpine,0,0,0,0,18,12,-12,FALSE,FALSE
17,Marina Bay,Singapore Grand Prix,Ester,Albon,Williams,7,0,0,7,17,3,-3,FALSE,FALSE
17,Marina Bay,Singapore Grand Prix,Ester,Gasly,AlphaTauri,9,0,0,9,10,1,1,FALSE,FALSE
17,Marina Bay,Singapore Grand Prix,Ester,Russell,Mercedes,0,0,9,9,14,NA,NA,FALSE,TRUE
18,Suzuka,Japanese Grand Prix,Bram,Stroll,Aston Martin,4,0,0,4,12,6,6,FALSE,FALSE
18,Suzuka,Japanese Grand Prix,Bram,Russell,Mercedes,6,0,0,6,8,4,4,FALSE,FALSE
18,Suzuka,Japanese Grand Prix,Bram,Latifi,Williams,2,0,0,2,9,8,8,FALSE,FALSE
18,Suzuka,Japanese Grand Prix,Bram,Magnussen,Haas,7,7,0,14,14,3,3,TRUE,FALSE
18,Suzuka,Japanese Grand Prix,Bram,Hamilton,Mercedes,0,0,4,4,5,NA,NA,FALSE,TRUE
18,Suzuka,Japanese Grand Prix,Dylan,Stroll,Aston Martin,8,0,0,8,12,2,-2,FALSE,FALSE
18,Suzuka,Japanese Grand Prix,Dylan,Russell,Mercedes,7,0,0,7,8,3,-3,FALSE,FALSE
18,Suzuka,Japanese Grand Prix,Dylan,Latifi,Williams,0,0,0,0,9,10,10,TRUE,FALSE
18,Suzuka,Japanese Grand Prix,Dylan,Magnussen,Haas,10,0,0,10,14,0,0,FALSE,FALSE
18,Suzuka,Japanese Grand Prix,Dylan,Vettel,Aston Martin,0,0,7,7,6,NA,NA,FALSE,TRUE
18,Suzuka,Japanese Grand Prix,Eva,Stroll,Aston Martin,7,0,0,7,12,3,3,FALSE,FALSE
18,Suzuka,Japanese Grand Prix,Eva,Russell,Mercedes,6,6,0,12,8,4,-4,TRUE,FALSE
18,Suzuka,Japanese Grand Prix,Eva,Latifi,Williams,0,0,0,0,9,10,10,FALSE,FALSE
18,Suzuka,Japanese Grand Prix,Eva,Magnussen,Haas,10,0,0,10,14,0,0,FALSE,FALSE
18,Suzuka,Japanese Grand Prix,Eva,Vettel,Aston Martin,0,0,7,7,6,NA,NA,FALSE,TRUE
18,Suzuka,Japanese Grand Prix,Filip,Stroll,Aston Martin,9,0,0,9,12,1,1,FALSE,FALSE
18,Suzuka,Japanese Grand Prix,Filip,Russell,Mercedes,8,0,0,8,8,2,-2,FALSE,FALSE
18,Suzuka,Japanese Grand Prix,Filip,Latifi,Williams,2,2,0,4,9,8,8,TRUE,FALSE
18,Suzuka,Japanese Grand Prix,Filip,Magnussen,Haas,6,0,0,6,14,4,-4,FALSE,FALSE
18,Suzuka,Japanese Grand Prix,Filip,Stroll,Aston Martin,0,0,9,9,12,NA,NA,FALSE,TRUE
18,Suzuka,Japanese Grand Prix,Mattijs,Stroll,Aston Martin,10,0,0,10,12,0,0,FALSE,FALSE
18,Suzuka,Japanese Grand Prix,Mattijs,Russell,Mercedes,6,0,0,6,8,4,-4,FALSE,FALSE
18,Suzuka,Japanese Grand Prix,Mattijs,Latifi,Williams,1,1,0,2,9,9,9,TRUE,FALSE
18,Suzuka,Japanese Grand Prix,Mattijs,Magnussen,Haas,8,0,0,8,14,2,2,FALSE,FALSE
18,Suzuka,Japanese Grand Prix,Mattijs,Stroll,Aston Martin,0,0,9,9,12,NA,NA,FALSE,TRUE
18,Suzuka,Japanese Grand Prix,Matthias,Stroll,Aston Martin,8,0,0,8,12,2,-2,FALSE,FALSE
18,Suzuka,Japanese Grand Prix,Matthias,Russell,Mercedes,6,0,0,6,8,4,-4,FALSE,FALSE
18,Suzuka,Japanese Grand Prix,Matthias,Latifi,Williams,2,2,0,4,9,8,8,TRUE,FALSE
18,Suzuka,Japanese Grand Prix,Matthias,Magnussen,Haas,9,0,0,9,14,1,1,FALSE,FALSE
18,Suzuka,Japanese Grand Prix,Matthias,Vettel,Aston Martin,0,0,7,7,6,NA,NA,FALSE,TRUE
18,Suzuka,Japanese Grand Prix,Ines,Stroll,Aston Martin,8,0,0,8,12,2,-2,FALSE,FALSE
18,Suzuka,Japanese Grand Prix,Ines,Russell,Mercedes,6,0,0,6,8,4,-4,FALSE,FALSE
18,Suzuka,Japanese Grand Prix,Ines,Latifi,Williams,1,1,0,2,9,9,9,TRUE,FALSE
18,Suzuka,Japanese Grand Prix,Ines,Magnussen,Haas,8,0,0,8,14,2,2,FALSE,FALSE
18,Suzuka,Japanese Grand Prix,Ines,Vettel,Aston Martin,0,0,7,7,6,NA,NA,FALSE,TRUE
18,Suzuka,Japanese Grand Prix,Robbert,Stroll,Aston Martin,5,0,0,5,12,5,5,FALSE,FALSE
18,Suzuka,Japanese Grand Prix,Robbert,Russell,Mercedes,6,6,0,12,8,4,-4,TRUE,FALSE
18,Suzuka,Japanese Grand Prix,Robbert,Latifi,Williams,7,0,0,7,9,3,3,FALSE,FALSE
18,Suzuka,Japanese Grand Prix,Robbert,Magnussen,Haas,9,0,0,9,14,1,-1,FALSE,FALSE
18,Suzuka,Japanese Grand Prix,Robbert,Schumacher,Haas,0,0,0,0,18,NA,NA,FALSE,TRUE
18,Suzuka,Japanese Grand Prix,Ester,Stroll,Aston Martin,7,0,0,7,12,3,3,FALSE,FALSE
18,Suzuka,Japanese Grand Prix,Ester,Russell,Mercedes,5,5,0,10,8,5,-5,TRUE,FALSE
18,Suzuka,Japanese Grand Prix,Ester,Latifi,Williams,3,0,0,3,9,7,7,FALSE,FALSE
18,Suzuka,Japanese Grand Prix,Ester,Magnussen,Haas,9,0,0,9,14,1,-1,FALSE,FALSE
18,Suzuka,Japanese Grand Prix,Ester,Latifi,Williams,0,0,10,10,9,NA,NA,FALSE,TRUE
19,Austin,United States Grand Prix,Bram,Zhou,Alfa Romeo,7,7,0,14,12,3,3,TRUE,FALSE
19,Austin,United States Grand Prix,Bram,Bottas,Alfa Romeo,0,0,0,0,19,12,-12,FALSE,FALSE
19,Austin,United States Grand Prix,Bram,Schumacher,Haas,3,0,0,3,15,7,-7,FALSE,FALSE
19,Austin,United States Grand Prix,Bram,Ocon,Alpine,9,0,0,9,11,1,1,FALSE,FALSE
19,Austin,United States Grand Prix,Bram,Norris,McLaren,0,0,0,0,6,NA,NA,FALSE,TRUE
19,Austin,United States Grand Prix,Eva,Zhou,Alfa Romeo,5,0,0,5,12,5,5,FALSE,FALSE
19,Austin,United States Grand Prix,Eva,Bottas,Alfa Romeo,2,2,0,4,19,8,-8,TRUE,FALSE
19,Austin,United States Grand Prix,Eva,Schumacher,Haas,10,0,0,10,15,0,0,FALSE,FALSE
19,Austin,United States Grand Prix,Eva,Ocon,Alpine,7,0,0,7,11,3,3,FALSE,FALSE
19,Austin,United States Grand Prix,Eva,Perez,Red Bull,0,0,5,5,4,NA,NA,FALSE,TRUE
19,Austin,United States Grand Prix,Filip,Zhou,Alfa Romeo,6,0,0,6,12,4,4,FALSE,FALSE
19,Austin,United States Grand Prix,Filip,Bottas,Alfa Romeo,3,0,0,3,19,7,-7,FALSE,FALSE
19,Austin,United States Grand Prix,Filip,Schumacher,Haas,9,0,0,9,15,1,-1,FALSE,FALSE
19,Austin,United States Grand Prix,Filip,Ocon,Alpine,7,7,0,14,11,3,-3,TRUE,FALSE
19,Austin,United States Grand Prix,Filip,Perez,Red Bull,0,0,5,5,4,NA,NA,FALSE,TRUE
19,Austin,United States Grand Prix,Mattijs,Zhou,Alfa Romeo,5,0,0,5,12,5,5,FALSE,FALSE
19,Austin,United States Grand Prix,Mattijs,Bottas,Alfa Romeo,1,0,0,1,19,9,-9,FALSE,FALSE
19,Austin,United States Grand Prix,Mattijs,Schumacher,Haas,7,7,0,14,15,3,3,TRUE,FALSE
19,Austin,United States Grand Prix,Mattijs,Ocon,Alpine,6,0,0,6,11,4,-4,FALSE,FALSE
19,Austin,United States Grand Prix,Mattijs,Perez,Red Bull,0,0,5,5,4,NA,NA,FALSE,TRUE
19,Austin,United States Grand Prix,Robbert,Zhou,Alfa Romeo,6,0,0,6,12,4,4,FALSE,FALSE
19,Austin,United States Grand Prix,Robbert,Bottas,Alfa Romeo,6,6,0,12,19,4,-4,TRUE,FALSE
19,Austin,United States Grand Prix,Robbert,Schumacher,Haas,8,0,0,8,15,2,-2,FALSE,FALSE
19,Austin,United States Grand Prix,Robbert,Ocon,Alpine,9,0,0,9,11,1,-1,FALSE,FALSE
19,Austin,United States Grand Prix,Robbert,Norris,McLaren,0,0,0,0,6,NA,NA,FALSE,TRUE
19,Austin,United States Grand Prix,Dylan,Zhou,Alfa Romeo,6,0,0,6,12,4,4,FALSE,FALSE
19,Austin,United States Grand Prix,Dylan,Bottas,Alfa Romeo,5,0,0,5,19,5,-5,FALSE,FALSE
19,Austin,United States Grand Prix,Dylan,Schumacher,Haas,10,0,0,10,15,0,0,FALSE,FALSE
19,Austin,United States Grand Prix,Dylan,Ocon,Alpine,9,9,0,18,11,1,1,TRUE,FALSE
19,Austin,United States Grand Prix,Dylan,Perez,Red Bull,0,0,5,5,4,NA,NA,FALSE,TRUE
19,Austin,United States Grand Prix,Ester,Zhou,Alfa Romeo,9,0,0,9,12,1,1,FALSE,FALSE
19,Austin,United States Grand Prix,Ester,Bottas,Alfa Romeo,1,0,0,1,19,9,-9,FALSE,FALSE
19,Austin,United States Grand Prix,Ester,Schumacher,Haas,10,0,0,10,15,0,0,FALSE,FALSE
19,Austin,United States Grand Prix,Ester,Ocon,Alpine,7,7,0,14,11,3,-3,TRUE,FALSE
19,Austin,United States Grand Prix,Ester,Perez,Red Bull,0,0,5,5,4,NA,NA,FALSE,TRUE
19,Austin,United States Grand Prix,Matthias,Zhou,Alfa Romeo,7,7,0,14,12,3,3,TRUE,FALSE
19,Austin,United States Grand Prix,Matthias,Bottas,Alfa Romeo,4,0,0,4,19,6,-6,FALSE,FALSE
19,Austin,United States Grand Prix,Matthias,Schumacher,Haas,9,0,0,9,15,1,-1,FALSE,FALSE
19,Austin,United States Grand Prix,Matthias,Ocon,Alpine,7,0,0,7,11,3,-3,FALSE,FALSE
19,Austin,United States Grand Prix,Matthias,Vettel,Aston Martin,0,0,3,3,8,NA,NA,FALSE,TRUE
19,Austin,United States Grand Prix,Ines,Zhou,Alfa Romeo,8,8,0,16,12,2,2,TRUE,FALSE
19,Austin,United States Grand Prix,Ines,Bottas,Alfa Romeo,4,0,0,4,19,6,-6,FALSE,FALSE
19,Austin,United States Grand Prix,Ines,Schumacher,Haas,9,0,0,9,15,1,-1,FALSE,FALSE
19,Austin,United States Grand Prix,Ines,Ocon,Alpine,7,0,0,7,11,3,-3,FALSE,FALSE
19,Austin,United States Grand Prix,Ines,Vettel,Aston Martin,0,0,3,3,8,NA,NA,FALSE,TRUE
20,Mexico City,Mexico City Grand Prix,Bram,Verstappen,Red Bull,0,0,0,0,1,17,17,TRUE,FALSE
20,Mexico City,Mexico City Grand Prix,Bram,Sainz,Ferrari,7,0,0,7,5,3,-3,FALSE,FALSE
20,Mexico City,Mexico City Grand Prix,Bram,Norris,McLaren,5,0,0,5,9,5,-5,FALSE,FALSE
20,Mexico City,Mexico City Grand Prix,Bram,Vettel,Aston Martin,8,0,0,8,14,2,-2,FALSE,FALSE
20,Mexico City,Mexico City Grand Prix,Bram,Ocon,Alpine,0,0,6,6,8,NA,NA,FALSE,TRUE
20,Mexico City,Mexico City Grand Prix,Dylan,Verstappen,Red Bull,9,9,0,18,1,1,1,TRUE,FALSE
20,Mexico City,Mexico City Grand Prix,Dylan,Sainz,Ferrari,10,0,0,10,5,0,0,FALSE,FALSE
20,Mexico City,Mexico City Grand Prix,Dylan,Norris,McLaren,8,0,0,8,9,2,-2,FALSE,FALSE
20,Mexico City,Mexico City Grand Prix,Dylan,Vettel,Aston Martin,4,0,0,4,14,6,-6,FALSE,FALSE
20,Mexico City,Mexico City Grand Prix,Dylan,Stroll,Aston Martin,0,0,9,9,15,NA,NA,FALSE,TRUE
20,Mexico City,Mexico City Grand Prix,Eva,Verstappen,Red Bull,10,10,0,20,1,0,0,TRUE,FALSE
20,Mexico City,Mexico City Grand Prix,Eva,Sainz,Ferrari,10,0,0,10,5,0,0,FALSE,FALSE
20,Mexico City,Mexico City Grand Prix,Eva,Norris,McLaren,9,0,0,9,9,1,-1,FALSE,FALSE
20,Mexico City,Mexico City Grand Prix,Eva,Vettel,Aston Martin,7,0,0,7,14,3,-3,FALSE,FALSE
20,Mexico City,Mexico City Grand Prix,Eva,Magnussen,Haas,0,0,4,4,17,NA,NA,FALSE,TRUE
20,Mexico City,Mexico City Grand Prix,Ines,Verstappen,Red Bull,9,9,0,18,1,1,1,TRUE,FALSE
20,Mexico City,Mexico City Grand Prix,Ines,Sainz,Ferrari,9,0,0,9,5,1,-1,FALSE,FALSE
20,Mexico City,Mexico City Grand Prix,Ines,Norris,McLaren,9,0,0,9,9,1,-1,FALSE,FALSE
20,Mexico City,Mexico City Grand Prix,Ines,Vettel,Aston Martin,5,0,0,5,14,5,-5,FALSE,FALSE
20,Mexico City,Mexico City Grand Prix,Ines,Magnussen,Haas,0,0,4,4,17,NA,NA,FALSE,TRUE
20,Mexico City,Mexico City Grand Prix,Matthias,Verstappen,Red Bull,9,9,0,18,1,1,1,TRUE,FALSE
20,Mexico City,Mexico City Grand Prix,Matthias,Sainz,Ferrari,9,0,0,9,5,1,-1,FALSE,FALSE
20,Mexico City,Mexico City Grand Prix,Matthias,Norris,McLaren,9,0,0,9,9,1,-1,FALSE,FALSE
20,Mexico City,Mexico City Grand Prix,Matthias,Vettel,Aston Martin,6,0,0,6,14,4,-4,FALSE,FALSE
20,Mexico City,Mexico City Grand Prix,Matthias,Magnussen,Haas,0,0,4,4,17,NA,NA,FALSE,TRUE
20,Mexico City,Mexico City Grand Prix,Robbert,Verstappen,Red Bull,9,9,0,18,1,1,1,TRUE,FALSE
20,Mexico City,Mexico City Grand Prix,Robbert,Sainz,Ferrari,8,0,0,8,5,2,-2,FALSE,FALSE
20,Mexico City,Mexico City Grand Prix,Robbert,Norris,McLaren,7,0,0,7,9,3,-3,FALSE,FALSE
20,Mexico City,Mexico City Grand Prix,Robbert,Vettel,Aston Martin,4,0,0,4,14,6,-6,FALSE,FALSE
20,Mexico City,Mexico City Grand Prix,Robbert,Alonso,Alpine,0,0,0,0,19,NA,NA,FALSE,TRUE
20,Mexico City,Mexico City Grand Prix,Filip,Verstappen,Red Bull,9,9,0,18,1,1,1,TRUE,FALSE
20,Mexico City,Mexico City Grand Prix,Filip,Sainz,Ferrari,9,0,0,9,5,1,-1,FALSE,FALSE
20,Mexico City,Mexico City Grand Prix,Filip,Norris,McLaren,8,0,0,8,9,2,-2,FALSE,FALSE
20,Mexico City,Mexico City Grand Prix,Filip,Vettel,Aston Martin,4,0,0,4,14,6,-6,FALSE,FALSE
20,Mexico City,Mexico City Grand Prix,Filip,Stroll,Aston Martin,0,0,9,9,15,NA,NA,FALSE,TRUE
20,Mexico City,Mexico City Grand Prix,Mattijs,Verstappen,Red Bull,9,9,0,18,1,1,1,TRUE,FALSE
20,Mexico City,Mexico City Grand Prix,Mattijs,Sainz,Ferrari,10,0,0,10,5,0,0,FALSE,FALSE
20,Mexico City,Mexico City Grand Prix,Mattijs,Norris,McLaren,9,0,0,9,9,1,-1,FALSE,FALSE
20,Mexico City,Mexico City Grand Prix,Mattijs,Vettel,Aston Martin,7,0,0,7,14,3,-3,FALSE,FALSE
20,Mexico City,Mexico City Grand Prix,Mattijs,Stroll,Aston Martin,0,0,9,9,15,NA,NA,FALSE,TRUE
20,Mexico City,Mexico City Grand Prix,Ester,Verstappen,Red Bull,9,9,0,18,1,1,1,TRUE,FALSE
20,Mexico City,Mexico City Grand Prix,Ester,Sainz,Ferrari,9,0,0,9,5,1,-1,FALSE,FALSE
20,Mexico City,Mexico City Grand Prix,Ester,Norris,McLaren,9,0,0,9,9,1,-1,FALSE,FALSE
20,Mexico City,Mexico City Grand Prix,Ester,Vettel,Aston Martin,8,0,0,8,14,2,-2,FALSE,FALSE
20,Mexico City,Mexico City Grand Prix,Ester,Vettel,Aston Martin,0,0,5,5,14,NA,NA,FALSE,TRUE
21,São Paulo,Brazilian Grand Prix,Dylan,Hamilton,Mercedes,8,8,0,16,2,2,2,TRUE,FALSE
21,São Paulo,Brazilian Grand Prix,Dylan,Schumacher,Haas,8,0,0,8,13,2,2,FALSE,FALSE
21,São Paulo,Brazilian Grand Prix,Dylan,Sainz,Ferrari,8,0,0,8,3,2,2,FALSE,FALSE
21,São Paulo,Brazilian Grand Prix,Dylan,Magnussen,Haas,5,0,0,5,19,5,-5,FALSE,FALSE
21,São Paulo,Brazilian Grand Prix,Dylan,Hamilton,Mercedes,0,0,0,0,2,NA,NA,TRUE,TRUE
21,São Paulo,Brazilian Grand Prix,Matthias,Hamilton,Mercedes,9,9,0,18,2,1,1,TRUE,FALSE
21,São Paulo,Brazilian Grand Prix,Matthias,Schumacher,Haas,8,0,0,8,13,2,2,FALSE,FALSE
21,São Paulo,Brazilian Grand Prix,Matthias,Sainz,Ferrari,7,0,0,7,3,3,3,FALSE,FALSE
21,São Paulo,Brazilian Grand Prix,Matthias,Magnussen,Haas,5,0,0,5,19,5,-5,FALSE,FALSE
21,São Paulo,Brazilian Grand Prix,Matthias,Vettel,Aston Martin,0,0,0,0,11,NA,NA,FALSE,TRUE
21,São Paulo,Brazilian Grand Prix,Ines,Hamilton,Mercedes,8,0,0,8,2,2,2,FALSE,FALSE
21,São Paulo,Brazilian Grand Prix,Ines,Schumacher,Haas,8,8,0,16,13,2,2,TRUE,FALSE
21,São Paulo,Brazilian Grand Prix,Ines,Sainz,Ferrari,9,0,0,9,3,1,1,FALSE,FALSE
21,São Paulo,Brazilian Grand Prix,Ines,Magnussen,Haas,5,0,0,5,19,5,-5,FALSE,FALSE
21,São Paulo,Brazilian Grand Prix,Ines,Stroll,Aston Martin,0,0,6,6,10,NA,NA,FALSE,TRUE
21,São Paulo,Brazilian Grand Prix,Mattijs,Hamilton,Mercedes,8,0,0,8,2,2,2,FALSE,FALSE
21,São Paulo,Brazilian Grand Prix,Mattijs,Schumacher,Haas,7,7,0,14,13,3,3,TRUE,FALSE
21,São Paulo,Brazilian Grand Prix,Mattijs,Sainz,Ferrari,8,0,0,8,3,2,2,FALSE,FALSE
21,São Paulo,Brazilian Grand Prix,Mattijs,Magnussen,Haas,5,0,0,5,19,5,-5,FALSE,FALSE
21,São Paulo,Brazilian Grand Prix,Mattijs,Sainz,Ferrari,0,0,5,5,3,NA,NA,FALSE,TRUE
21,São Paulo,Brazilian Grand Prix,Robbert,Hamilton,Mercedes,8,0,0,8,2,2,2,FALSE,FALSE
21,São Paulo,Brazilian Grand Prix,Robbert,Schumacher,Haas,7,0,0,7,13,3,3,FALSE,FALSE
21,São Paulo,Brazilian Grand Prix,Robbert,Sainz,Ferrari,10,0,0,10,3,0,0,FALSE,FALSE
21,São Paulo,Brazilian Grand Prix,Robbert,Magnussen,Haas,8,8,0,16,19,2,-2,TRUE,FALSE
21,São Paulo,Brazilian Grand Prix,Robbert,Stroll,Aston Martin,0,0,6,6,10,NA,NA,FALSE,TRUE
21,São Paulo,Brazilian Grand Prix,Eva,Hamilton,Mercedes,9,9,0,18,2,1,1,TRUE,FALSE
21,São Paulo,Brazilian Grand Prix,Eva,Schumacher,Haas,7,0,0,7,13,3,3,FALSE,FALSE
21,São Paulo,Brazilian Grand Prix,Eva,Sainz,Ferrari,8,0,0,8,3,2,2,FALSE,FALSE
21,São Paulo,Brazilian Grand Prix,Eva,Magnussen,Haas,4,0,0,4,19,6,-6,FALSE,FALSE
21,São Paulo,Brazilian Grand Prix,Eva,Vettel,Aston Martin,0,0,0,0,11,NA,NA,FALSE,TRUE
21,São Paulo,Brazilian Grand Prix,Filip,Hamilton,Mercedes,9,9,0,18,2,1,1,TRUE,FALSE
21,São Paulo,Brazilian Grand Prix,Filip,Schumacher,Haas,7,0,0,7,13,3,3,FALSE,FALSE
21,São Paulo,Brazilian Grand Prix,Filip,Sainz,Ferrari,7,0,0,7,3,3,3,FALSE,FALSE
21,São Paulo,Brazilian Grand Prix,Filip,Magnussen,Haas,4,0,0,4,19,6,-6,FALSE,FALSE
21,São Paulo,Brazilian Grand Prix,Filip,Sainz,Ferrari,0,0,5,5,3,NA,NA,FALSE,TRUE
21,São Paulo,Brazilian Grand Prix,Ester,Hamilton,Mercedes,9,9,0,18,2,1,1,TRUE,FALSE
21,São Paulo,Brazilian Grand Prix,Ester,Schumacher,Haas,9,0,0,9,13,1,-1,FALSE,FALSE
21,São Paulo,Brazilian Grand Prix,Ester,Sainz,Ferrari,8,0,0,8,3,2,2,FALSE,FALSE
21,São Paulo,Brazilian Grand Prix,Ester,Magnussen,Haas,6,0,0,6,19,4,-4,FALSE,FALSE
21,São Paulo,Brazilian Grand Prix,Ester,Alonso,Alpine,0,0,10,10,5,NA,NA,FALSE,TRUE
21,São Paulo,Brazilian Grand Prix,Bram,Hamilton,Mercedes,9,9,0,18,2,1,-1,TRUE,FALSE
21,São Paulo,Brazilian Grand Prix,Bram,Schumacher,Haas,6,0,0,6,13,4,-4,FALSE,FALSE
21,São Paulo,Brazilian Grand Prix,Bram,Sainz,Ferrari,7,0,0,7,3,3,3,FALSE,FALSE
21,São Paulo,Brazilian Grand Prix,Bram,Magnussen,Haas,6,0,0,6,19,4,-4,FALSE,FALSE
21,São Paulo,Brazilian Grand Prix,Bram,Ocon,Alpine,0,0,9,9,8,NA,NA,FALSE,TRUE
22,Abu Dhabi,Abu Dhabi Grand Prix,Bram,Latifi,Williams,9,9,0,18,19,1,-1,TRUE,FALSE
22,Abu Dhabi,Abu Dhabi Grand Prix,Bram,Ricciardo,McLaren,7,0,0,7,9,3,-3,FALSE,FALSE
22,Abu Dhabi,Abu Dhabi Grand Prix,Bram,Schumacher,Haas,1,0,0,1,16,9,-9,FALSE,FALSE
22,Abu Dhabi,Abu Dhabi Grand Prix,Bram,Vettel,Aston Martin,9,0,0,9,10,1,-1,FALSE,FALSE
22,Abu Dhabi,Abu Dhabi Grand Prix,Bram,Norris,McLaren,0,0,2,2,6,NA,NA,FALSE,TRUE
22,Abu Dhabi,Abu Dhabi Grand Prix,Eva,Latifi,Williams,10,10,0,20,19,0,0,TRUE,FALSE
22,Abu Dhabi,Abu Dhabi Grand Prix,Eva,Ricciardo,McLaren,7,0,0,7,9,3,3,FALSE,FALSE
22,Abu Dhabi,Abu Dhabi Grand Prix,Eva,Schumacher,Haas,9,0,0,9,16,1,-1,FALSE,FALSE
22,Abu Dhabi,Abu Dhabi Grand Prix,Eva,Vettel,Aston Martin,9,0,0,9,10,1,-1,FALSE,FALSE
22,Abu Dhabi,Abu Dhabi Grand Prix,Eva,Alonso,Alpine,0,0,0,0,20,NA,NA,FALSE,TRUE
22,Abu Dhabi,Abu Dhabi Grand Prix,Filip,Latifi,Williams,9,9,0,18,19,1,-1,TRUE,FALSE
22,Abu Dhabi,Abu Dhabi Grand Prix,Filip,Ricciardo,McLaren,6,0,0,6,9,4,4,FALSE,FALSE
22,Abu Dhabi,Abu Dhabi Grand Prix,Filip,Schumacher,Haas,9,0,0,9,16,1,1,FALSE,FALSE
22,Abu Dhabi,Abu Dhabi Grand Prix,Filip,Vettel,Aston Martin,9,0,0,9,10,1,1,FALSE,FALSE
22,Abu Dhabi,Abu Dhabi Grand Prix,Filip,Ricciardo,McLaren,0,0,8,8,9,NA,NA,FALSE,TRUE
22,Abu Dhabi,Abu Dhabi Grand Prix,Dylan,Latifi,Williams,8,8,0,16,19,2,-2,TRUE,FALSE
22,Abu Dhabi,Abu Dhabi Grand Prix,Dylan,Ricciardo,McLaren,9,0,0,9,9,1,1,FALSE,FALSE
22,Abu Dhabi,Abu Dhabi Grand Prix,Dylan,Schumacher,Haas,9,0,0,9,16,1,-1,FALSE,FALSE
22,Abu Dhabi,Abu Dhabi Grand Prix,Dylan,Vettel,Aston Martin,9,0,0,9,10,1,-1,FALSE,FALSE
22,Abu Dhabi,Abu Dhabi Grand Prix,Dylan,Hamilton,Mercedes,0,0,0,0,18,NA,NA,FALSE,TRUE
22,Abu Dhabi,Abu Dhabi Grand Prix,Ines,Latifi,Williams,9,9,0,18,19,1,-1,TRUE,FALSE
22,Abu Dhabi,Abu Dhabi Grand Prix,Ines,Ricciardo,McLaren,10,0,0,10,9,0,0,FALSE,FALSE
22,Abu Dhabi,Abu Dhabi Grand Prix,Ines,Schumacher,Haas,8,0,0,8,16,2,-2,FALSE,FALSE
22,Abu Dhabi,Abu Dhabi Grand Prix,Ines,Vettel,Aston Martin,10,0,0,10,10,0,0,FALSE,FALSE
22,Abu Dhabi,Abu Dhabi Grand Prix,Ines,Stroll,Aston Martin,0,0,10,10,8,NA,NA,FALSE,TRUE
22,Abu Dhabi,Abu Dhabi Grand Prix,Mattijs,Latifi,Williams,8,8,0,16,19,2,-2,TRUE,FALSE
22,Abu Dhabi,Abu Dhabi Grand Prix,Mattijs,Ricciardo,McLaren,6,0,0,6,9,4,4,FALSE,FALSE
22,Abu Dhabi,Abu Dhabi Grand Prix,Mattijs,Schumacher,Haas,8,0,0,8,16,2,2,FALSE,FALSE
22,Abu Dhabi,Abu Dhabi Grand Prix,Mattijs,Vettel,Aston Martin,8,0,0,8,10,2,-2,FALSE,FALSE
22,Abu Dhabi,Abu Dhabi Grand Prix,Mattijs,Stroll,Aston Martin,0,0,10,10,8,NA,NA,FALSE,TRUE
22,Abu Dhabi,Abu Dhabi Grand Prix,Robbert,Latifi,Williams,7,0,0,7,19,3,-3,FALSE,FALSE
22,Abu Dhabi,Abu Dhabi Grand Prix,Robbert,Ricciardo,McLaren,9,0,0,9,9,1,-1,FALSE,FALSE
22,Abu Dhabi,Abu Dhabi Grand Prix,Robbert,Schumacher,Haas,7,7,0,14,16,3,-3,TRUE,FALSE
22,Abu Dhabi,Abu Dhabi Grand Prix,Robbert,Vettel,Aston Martin,9,0,0,9,10,1,1,FALSE,FALSE
22,Abu Dhabi,Abu Dhabi Grand Prix,Robbert,Albon,Williams,0,0,9,9,13,NA,NA,FALSE,TRUE
22,Abu Dhabi,Abu Dhabi Grand Prix,Matthias,Latifi,Williams,9,9,0,18,19,1,-1,TRUE,FALSE
22,Abu Dhabi,Abu Dhabi Grand Prix,Matthias,Ricciardo,McLaren,5,0,0,5,9,5,5,FALSE,FALSE
22,Abu Dhabi,Abu Dhabi Grand Prix,Matthias,Schumacher,Haas,9,0,0,9,16,1,-1,FALSE,FALSE
22,Abu Dhabi,Abu Dhabi Grand Prix,Matthias,Vettel,Aston Martin,10,0,0,10,10,0,0,FALSE,FALSE
22,Abu Dhabi,Abu Dhabi Grand Prix,Matthias,Hamilton,Mercedes,0,0,0,0,18,NA,NA,FALSE,TRUE
22,Abu Dhabi,Abu Dhabi Grand Prix,Ester,Latifi,Williams,8,0,0,8,19,2,-2,FALSE,FALSE
22,Abu Dhabi,Abu Dhabi Grand Prix,Ester,Ricciardo,McLaren,8,0,0,8,9,2,2,FALSE,FALSE
22,Abu Dhabi,Abu Dhabi Grand Prix,Ester,Schumacher,Haas,8,0,0,8,16,2,-2,FALSE,FALSE
22,Abu Dhabi,Abu Dhabi Grand Prix,Ester,Vettel,Aston Martin,9,9,0,18,10,1,-1,TRUE,FALSE
22,Abu Dhabi,Abu Dhabi Grand Prix,Ester,Vettel,Aston Martin,0,0,0,0,10,NA,NA,TRUE,TRUE
